#
# A fatal error has been detected by the Java Runtime Environment:
#
#  SIGSEGV (0xb) at pc=0x00007ff803bd485d, pid=54182, tid=259
#
# JRE version: OpenJDK Runtime Environment Temurin-25.0.3+9 (25.0.3+9) (build 25.0.3+9-LTS)
# Java VM: OpenJDK 64-Bit Server VM Temurin-25.0.3+9 (25.0.3+9-LTS, mixed mode, tiered, compressed oops, compressed class ptrs, g1 gc, bsd-amd64)
# Problematic frame:
# C  [libobjc.A.dylib+0x685d]  objc_msgSend_stret+0x1d
#
# No core dump will be written. Core dumps have been disabled. To enable core dumping, try "ulimit -c unlimited" before starting Java again
#
# If you would like to submit a bug report, please visit:
#   https://github.com/adoptium/adoptium-support/issues
# The crash happened outside the Java Virtual Machine in native code.
# See problematic frame for where to report the bug.
#

---------------  S U M M A R Y ------------

Command Line: --enable-native-access=ALL-UNNAMED -Dfile.encoding=UTF-8 -Duser.country=FR -Duser.language=en -Duser.variant org.graphiks.kadre.samples.simulation.MainKt

Host: "MacBookPro16,1" x86_64 2300 MHz, 16 cores, 16G, Darwin 25.4.0, macOS 26.4.1 (25E253)
Time: Sat Jun  6 23:40:41 2026 CEST elapsed time: 1.041618 seconds (0d 0h 0m 1s)

---------------  T H R E A D  ---------------

Current thread (0x00007fd39b80ca00):  JavaThread "main"             [_thread_in_native, id=259, stack(0x00007ff7bb10e000,0x00007ff7bb90e000) (8192K)]

Stack: [0x00007ff7bb10e000,0x00007ff7bb90e000],  sp=0x00007ff7bb905938,  free space=8158k
Native frames: (J=compiled Java code, j=interpreted, Vv=VM code, C=native code)
C  [libobjc.A.dylib+0x685d]  objc_msgSend_stret+0x1d
j  java.lang.invoke.LambdaForm$MH+0x0000000142118c00.invoke(Ljava/lang/Object;JJJJ)V+14 java.base@25.0.3
j  java.lang.invoke.LambdaForm$MH+0x000000014211bc00.invokeExact_MT(Ljava/lang/Object;JJJJLjava/lang/Object;)V+25 java.base@25.0.3
j  jdk.internal.foreign.abi.DowncallStub+0x0000000142119000.invoke(Ljava/lang/foreign/SegmentAllocator;Ljava/lang/foreign/MemorySegment;Ljava/lang/foreign/MemorySegment;Ljava/lang/foreign/MemorySegment;Ljava/lang/foreign/MemorySegment;)V+161 java.base@25.0.3
j  java.lang.invoke.LambdaForm$DMH+0x000000014208e000.invokeStatic(Ljava/lang/Object;Ljava/lang/Object;Ljava/lang/Object;Ljava/lang/Object;Ljava/lang/Object;Ljava/lang/Object;)V+18 java.base@25.0.3
j  java.lang.invoke.LambdaForm$MH+0x000000014211b400.invoke(Ljava/lang/Object;Ljava/lang/Object;Ljava/lang/Object;Ljava/lang/Object;)Ljava/lang/Object;+90 java.base@25.0.3
j  java.lang.invoke.LambdaForm$MH+0x0000000142112c00.invoke(Ljava/lang/Object;Ljava/lang/Object;Ljava/lang/Object;)Ljava/lang/Object;+59 java.base@25.0.3
j  java.lang.invoke.Invokers$Holder.invokeExact_MT(Ljava/lang/Object;Ljava/lang/Object;Ljava/lang/Object;Ljava/lang/Object;)Ljava/lang/Object;+20 java.base@25.0.3
j  java.lang.invoke.MethodHandle.invokeWithArguments([Ljava/lang/Object;)Ljava/lang/Object;+28 java.base@25.0.3
j  org.graphiks.kadre.appkit.bindings.ObjCRuntime.msgSendStret(Ljava/lang/foreign/GroupLayout;Ljava/lang/foreign/MemorySegment;Ljava/lang/foreign/MemorySegment;[Ljava/lang/Object;)Ljava/lang/foreign/MemorySegment;+481
j  org.graphiks.kadre.appkit.bindings.NSView.frame()Ljava/lang/foreign/MemorySegment;+137
j  org.graphiks.kadre.appkit.AppKitWindow.<init>(Lorg/graphiks/kadre/core/WindowAttributes;)V+364
j  org.graphiks.kadre.appkit.AppKitEventLoop.createWindow(Lorg/graphiks/kadre/core/WindowAttributes;)Lorg/graphiks/kadre/core/Window;+11
j  org.graphiks.kadre.samples.simulation.SimulationAppHandler.canCreateSurfaces(Lorg/graphiks/kadre/core/ActiveEventLoop;)V+79
j  org.graphiks.kadre.appkit.KadreAppDelegate.onDidFinishLaunching()V+8
j  org.graphiks.kadre.appkit.KadreAppDelegate$Callbacks.applicationDidFinishLaunching(Ljava/lang/foreign/MemorySegment;Ljava/lang/foreign/MemorySegment;Ljava/lang/foreign/MemorySegment;)V+40
j  java.lang.invoke.LambdaForm$DMH+0x0000000142092800.invokeStaticInit(Ljava/lang/Object;Ljava/lang/Object;Ljava/lang/Object;Ljava/lang/Object;)V+14 java.base@25.0.3
j  java.lang.invoke.LambdaForm$MH+0x0000000142121400.invokeExact_MT(Ljava/lang/Object;Ljava/lang/Object;Ljava/lang/Object;Ljava/lang/Object;Ljava/lang/Object;)V+22 java.base@25.0.3
j  jdk.internal.foreign.abi.UpcallStub+0x0000000142105c00.invoke(Ljava/lang/invoke/MethodHandle;JJJ)V+40 java.base@25.0.3
j  java.lang.invoke.LambdaForm$DMH+0x0000000142106000.invokeStatic(Ljava/lang/Object;Ljava/lang/Object;JJJ)V+17 java.base@25.0.3
j  java.lang.invoke.LambdaForm$MH+0x0000000142107000.invoke(Ljava/lang/Object;JJJ)V+28 java.base@25.0.3
j  java.lang.invoke.LambdaForm$MH+0x0000000142108000.invoke(Ljava/lang/Object;JJJ)V+44 java.base@25.0.3
v  ~UpcallStub::upcall_stub 0x0000000118de6101
C  [CoreFoundation+0x71434]  __CFNOTIFICATIONCENTER_IS_CALLING_OUT_TO_AN_OBSERVER__+0x89
C  [CoreFoundation+0xf88da]  ___CFXRegistrationPost_block_invoke+0x58
C  [CoreFoundation+0xf882d]  _CFXRegistrationPost+0x21c
C  [CoreFoundation+0x4131c]  _CFXNotificationPost+0x301
C  [Foundation+0x8cd1]  -[NSNotificationCenter postNotificationName:object:userInfo:]+0x52
C  [AppKit+0x46d5a]  -[NSApplication _postDidFinishNotification]+0x150
C  [AppKit+0x46a87]  -[NSApplication _sendFinishLaunchingNotification]+0xd7
C  [AppKit+0x44b60]  -[NSApplication(NSAppleEventHandling) _handleAEOpenEvent:]+0x222
C  [AppKit+0x447b1]  -[NSApplication(NSAppleEventHandling) _handleCoreEvent:withReplyEvent:]+0x2a7
C  [Foundation+0x31bf1]  -[NSAppleEventManager dispatchRawAppleEvent:withRawReply:handlerRefCon:]+0x133
C  [Foundation+0x31a05]  _NSAppleEventManagerGenericHandler+0x50
C  [AE+0xab8b]  _AppleEventsCheckInAppWithBlock+0x34cc
C  [AE+0xa3fd]  _AppleEventsCheckInAppWithBlock+0x2d3e
C  [AE+0x3e22]  aeProcessAppleEvent+0x199
C  [HIToolbox+0x139b9]  AEProcessAppleEvent+0x37
C  [AppKit+0x3dcbf]  _DPSNextEvent+0x60a
C  [AppKit+0xcebb53]  -[NSApplication(NSEventRouting) _nextEventMatchingEventMask:untilDate:inMode:dequeue:]+0x4f1
C  [AppKit+0xceb629]  -[NSApplication(NSEventRouting) nextEventMatchingMask:untilDate:inMode:dequeue:]+0x43
C  [AppKit+0x2e868]  -[NSApplication run]+0x1d8
v  ~RuntimeStub::nep_invoker_blob 0x0000000118f0149d
j  java.lang.invoke.LambdaForm$MH+0x0000000142126400.invoke(Ljava/lang/Object;JJJ)V+12 java.base@25.0.3
j  java.lang.invoke.LambdaForm$MH+0x0000000142128c00.invokeExact_MT(Ljava/lang/Object;JJJLjava/lang/Object;)V+23 java.base@25.0.3
j  jdk.internal.foreign.abi.DowncallStub+0x0000000142126800.invoke(Ljava/lang/foreign/SegmentAllocator;Ljava/lang/foreign/MemorySegment;Ljava/lang/foreign/MemorySegment;Ljava/lang/foreign/MemorySegment;)V+113 java.base@25.0.3
j  java.lang.invoke.LambdaForm$DMH+0x0000000142126c00.invokeStaticInit(Ljava/lang/Object;Ljava/lang/Object;Ljava/lang/Object;Ljava/lang/Object;Ljava/lang/Object;)V+16 java.base@25.0.3
j  java.lang.invoke.LambdaForm$MH+0x0000000142128800.invoke(Ljava/lang/Object;Ljava/lang/Object;Ljava/lang/Object;)Ljava/lang/Object;+76 java.base@25.0.3
j  java.lang.invoke.LambdaForm$MH+0x000000014209e400.invoke(Ljava/lang/Object;Ljava/lang/Object;Ljava/lang/Object;)Ljava/lang/Object;+52 java.base@25.0.3
j  java.lang.invoke.Invokers$Holder.invokeExact_MT(Ljava/lang/Object;Ljava/lang/Object;Ljava/lang/Object;Ljava/lang/Object;)Ljava/lang/Object;+20 java.base@25.0.3
j  java.lang.invoke.MethodHandle.invokeWithArguments([Ljava/lang/Object;)Ljava/lang/Object;+28 java.base@25.0.3
j  org.graphiks.kadre.appkit.bindings.ObjCRuntime.msgSend(Ljava/lang/foreign/MemoryLayout;Ljava/lang/foreign/MemorySegment;Ljava/lang/foreign/MemorySegment;[Ljava/lang/Object;)Ljava/lang/Object;+439
j  org.graphiks.kadre.appkit.bindings.NSApplication.run()V+22
j  org.graphiks.kadre.appkit.AppKitEventLoopKt.runApp(Lorg/graphiks/kadre/core/ApplicationHandler;)V+104
j  java.lang.invoke.LambdaForm$DMH+0x0000000142086000.invokeStatic(Ljava/lang/Object;Ljava/lang/Object;)V+10 java.base@25.0.3
j  java.lang.invoke.LambdaForm$MH+0x0000000142087400.invoke(Ljava/lang/Object;Ljava/lang/Object;Ljava/lang/Object;)Ljava/lang/Object;+33 java.base@25.0.3
j  java.lang.invoke.Invokers$Holder.invokeExact_MT(Ljava/lang/Object;Ljava/lang/Object;Ljava/lang/Object;Ljava/lang/Object;)Ljava/lang/Object;+20 java.base@25.0.3
j  jdk.internal.reflect.DirectMethodHandleAccessor.invokeImpl(Ljava/lang/Object;[Ljava/lang/Object;)Ljava/lang/Object;+55 java.base@25.0.3
j  jdk.internal.reflect.DirectMethodHandleAccessor.invoke(Ljava/lang/Object;[Ljava/lang/Object;)Ljava/lang/Object;+23 java.base@25.0.3
j  java.lang.reflect.Method.invoke(Ljava/lang/Object;[Ljava/lang/Object;)Ljava/lang/Object;+102 java.base@25.0.3
j  org.graphiks.kadre.EventLoop.runApp(Lorg/graphiks/kadre/core/ApplicationHandler;)V+248
j  org.graphiks.kadre.samples.simulation.MainKt.main([Ljava/lang/String;)V+67
v  ~StubRoutines::call_stub 0x0000000118bfafa6
V  [libjvm.dylib+0x60548e]  JavaCalls::call_helper(JavaValue*, methodHandle const&, JavaCallArguments*, JavaThread*)+0x2de
V  [libjvm.dylib+0x6889ae]  jni_invoke_static(JNIEnv_*, JavaValue*, _jobject*, JNICallType, _jmethodID*, JNI_ArgumentPusher*, JavaThread*)+0x16e
V  [libjvm.dylib+0x68c431]  jni_CallStaticVoidMethod+0x171
C  [libjli.dylib+0xc6ca]  JavaMain+0x80a
C  [libjli.dylib+0xf694]  __JVMInit_block_invoke+0x44
C  [Foundation+0x3e6a4]  __NSBLOCKOPERATION_IS_CALLING_OUT_TO_A_BLOCK__+0x7
C  [Foundation+0x3e5a2]  -[NSBlockOperation main]+0x5a
C  [Foundation+0x3e53a]  __NSOPERATION_IS_INVOKING_MAIN__+0x11
C  [Foundation+0x3d7f3]  -[NSOperation start]+0x2d6
C  [Foundation+0x7bec4]  __NSThreadPerformPerform+0xb2
C  [CoreFoundation+0x7c188]  __CFRUNLOOP_IS_CALLING_OUT_TO_A_SOURCE0_PERFORM_FUNCTION__+0x11
C  [CoreFoundation+0x7c12a]  __CFRunLoopDoSource0+0x9d
C  [CoreFoundation+0x7beea]  __CFRunLoopDoSources0+0xcb
C  [CoreFoundation+0x7aba2]  __CFRunLoopRun+0x394
C  [CoreFoundation+0x1428b7]  _CFRunLoopRunSpecificWithOptions+0x1f0
C  [libjli.dylib+0xec02]  CreateExecutionEnvironment+0x1a2
C  [libjli.dylib+0xa2d0]  JLI_Launch+0x270
C  [java+0x3c01]  main+0x171
C  [dyld+0x12bb8]  start+0xca8
Java frames: (J=compiled Java code, j=interpreted, Vv=VM code)
v  ~RuntimeStub::nep_invoker_blob 0x0000000118de53e4
j  java.lang.invoke.LambdaForm$MH+0x0000000142118c00.invoke(Ljava/lang/Object;JJJJ)V+14 java.base@25.0.3
j  java.lang.invoke.LambdaForm$MH+0x000000014211bc00.invokeExact_MT(Ljava/lang/Object;JJJJLjava/lang/Object;)V+25 java.base@25.0.3
j  jdk.internal.foreign.abi.DowncallStub+0x0000000142119000.invoke(Ljava/lang/foreign/SegmentAllocator;Ljava/lang/foreign/MemorySegment;Ljava/lang/foreign/MemorySegment;Ljava/lang/foreign/MemorySegment;Ljava/lang/foreign/MemorySegment;)V+161 java.base@25.0.3
j  java.lang.invoke.LambdaForm$DMH+0x000000014208e000.invokeStatic(Ljava/lang/Object;Ljava/lang/Object;Ljava/lang/Object;Ljava/lang/Object;Ljava/lang/Object;Ljava/lang/Object;)V+18 java.base@25.0.3
j  java.lang.invoke.LambdaForm$MH+0x000000014211b400.invoke(Ljava/lang/Object;Ljava/lang/Object;Ljava/lang/Object;Ljava/lang/Object;)Ljava/lang/Object;+90 java.base@25.0.3
j  java.lang.invoke.LambdaForm$MH+0x0000000142112c00.invoke(Ljava/lang/Object;Ljava/lang/Object;Ljava/lang/Object;)Ljava/lang/Object;+59 java.base@25.0.3
j  java.lang.invoke.Invokers$Holder.invokeExact_MT(Ljava/lang/Object;Ljava/lang/Object;Ljava/lang/Object;Ljava/lang/Object;)Ljava/lang/Object;+20 java.base@25.0.3
j  java.lang.invoke.MethodHandle.invokeWithArguments([Ljava/lang/Object;)Ljava/lang/Object;+28 java.base@25.0.3
j  org.graphiks.kadre.appkit.bindings.ObjCRuntime.msgSendStret(Ljava/lang/foreign/GroupLayout;Ljava/lang/foreign/MemorySegment;Ljava/lang/foreign/MemorySegment;[Ljava/lang/Object;)Ljava/lang/foreign/MemorySegment;+481
j  org.graphiks.kadre.appkit.bindings.NSView.frame()Ljava/lang/foreign/MemorySegment;+137
j  org.graphiks.kadre.appkit.AppKitWindow.<init>(Lorg/graphiks/kadre/core/WindowAttributes;)V+364
j  org.graphiks.kadre.appkit.AppKitEventLoop.createWindow(Lorg/graphiks/kadre/core/WindowAttributes;)Lorg/graphiks/kadre/core/Window;+11
j  org.graphiks.kadre.samples.simulation.SimulationAppHandler.canCreateSurfaces(Lorg/graphiks/kadre/core/ActiveEventLoop;)V+79
j  org.graphiks.kadre.appkit.KadreAppDelegate.onDidFinishLaunching()V+8
j  org.graphiks.kadre.appkit.KadreAppDelegate$Callbacks.applicationDidFinishLaunching(Ljava/lang/foreign/MemorySegment;Ljava/lang/foreign/MemorySegment;Ljava/lang/foreign/MemorySegment;)V+40
j  java.lang.invoke.LambdaForm$DMH+0x0000000142092800.invokeStaticInit(Ljava/lang/Object;Ljava/lang/Object;Ljava/lang/Object;Ljava/lang/Object;)V+14 java.base@25.0.3
j  java.lang.invoke.LambdaForm$MH+0x0000000142121400.invokeExact_MT(Ljava/lang/Object;Ljava/lang/Object;Ljava/lang/Object;Ljava/lang/Object;Ljava/lang/Object;)V+22 java.base@25.0.3
j  jdk.internal.foreign.abi.UpcallStub+0x0000000142105c00.invoke(Ljava/lang/invoke/MethodHandle;JJJ)V+40 java.base@25.0.3
j  java.lang.invoke.LambdaForm$DMH+0x0000000142106000.invokeStatic(Ljava/lang/Object;Ljava/lang/Object;JJJ)V+17 java.base@25.0.3
j  java.lang.invoke.LambdaForm$MH+0x0000000142107000.invoke(Ljava/lang/Object;JJJ)V+28 java.base@25.0.3
j  java.lang.invoke.LambdaForm$MH+0x0000000142108000.invoke(Ljava/lang/Object;JJJ)V+44 java.base@25.0.3
v  ~UpcallStub::upcall_stub 0x0000000118de6101
v  ~RuntimeStub::nep_invoker_blob 0x0000000118f01464
j  java.lang.invoke.LambdaForm$MH+0x0000000142126400.invoke(Ljava/lang/Object;JJJ)V+12 java.base@25.0.3
j  java.lang.invoke.LambdaForm$MH+0x0000000142128c00.invokeExact_MT(Ljava/lang/Object;JJJLjava/lang/Object;)V+23 java.base@25.0.3
j  jdk.internal.foreign.abi.DowncallStub+0x0000000142126800.invoke(Ljava/lang/foreign/SegmentAllocator;Ljava/lang/foreign/MemorySegment;Ljava/lang/foreign/MemorySegment;Ljava/lang/foreign/MemorySegment;)V+113 java.base@25.0.3
j  java.lang.invoke.LambdaForm$DMH+0x0000000142126c00.invokeStaticInit(Ljava/lang/Object;Ljava/lang/Object;Ljava/lang/Object;Ljava/lang/Object;Ljava/lang/Object;)V+16 java.base@25.0.3
j  java.lang.invoke.LambdaForm$MH+0x0000000142128800.invoke(Ljava/lang/Object;Ljava/lang/Object;Ljava/lang/Object;)Ljava/lang/Object;+76 java.base@25.0.3
j  java.lang.invoke.LambdaForm$MH+0x000000014209e400.invoke(Ljava/lang/Object;Ljava/lang/Object;Ljava/lang/Object;)Ljava/lang/Object;+52 java.base@25.0.3
j  java.lang.invoke.Invokers$Holder.invokeExact_MT(Ljava/lang/Object;Ljava/lang/Object;Ljava/lang/Object;Ljava/lang/Object;)Ljava/lang/Object;+20 java.base@25.0.3
j  java.lang.invoke.MethodHandle.invokeWithArguments([Ljava/lang/Object;)Ljava/lang/Object;+28 java.base@25.0.3
j  org.graphiks.kadre.appkit.bindings.ObjCRuntime.msgSend(Ljava/lang/foreign/MemoryLayout;Ljava/lang/foreign/MemorySegment;Ljava/lang/foreign/MemorySegment;[Ljava/lang/Object;)Ljava/lang/Object;+439
j  org.graphiks.kadre.appkit.bindings.NSApplication.run()V+22
j  org.graphiks.kadre.appkit.AppKitEventLoopKt.runApp(Lorg/graphiks/kadre/core/ApplicationHandler;)V+104
j  java.lang.invoke.LambdaForm$DMH+0x0000000142086000.invokeStatic(Ljava/lang/Object;Ljava/lang/Object;)V+10 java.base@25.0.3
j  java.lang.invoke.LambdaForm$MH+0x0000000142087400.invoke(Ljava/lang/Object;Ljava/lang/Object;Ljava/lang/Object;)Ljava/lang/Object;+33 java.base@25.0.3
j  java.lang.invoke.Invokers$Holder.invokeExact_MT(Ljava/lang/Object;Ljava/lang/Object;Ljava/lang/Object;Ljava/lang/Object;)Ljava/lang/Object;+20 java.base@25.0.3
j  jdk.internal.reflect.DirectMethodHandleAccessor.invokeImpl(Ljava/lang/Object;[Ljava/lang/Object;)Ljava/lang/Object;+55 java.base@25.0.3
j  jdk.internal.reflect.DirectMethodHandleAccessor.invoke(Ljava/lang/Object;[Ljava/lang/Object;)Ljava/lang/Object;+23 java.base@25.0.3
j  java.lang.reflect.Method.invoke(Ljava/lang/Object;[Ljava/lang/Object;)Ljava/lang/Object;+102 java.base@25.0.3
j  org.graphiks.kadre.EventLoop.runApp(Lorg/graphiks/kadre/core/ApplicationHandler;)V+248
j  org.graphiks.kadre.samples.simulation.MainKt.main([Ljava/lang/String;)V+67
v  ~StubRoutines::call_stub 0x0000000118bfafa6

siginfo: si_signo: 11 (SIGSEGV), si_code: 1 (SEGV_MAPERR), si_addr: 0x000000656d617278

Registers:
RAX=0x00000001279b3ac0, RBX=0x00000001279b3ac0, RCX=0x00007ff823c11dde, RDX=0x000060000276fec0
RSP=0x00007ff7bb905938, RBP=0x00007ff7bb905940, RSI=0x00007ff823c11dde, RDI=0x00007fd39a426e40
R8 =0x000060000276fec0, R9 =0x000000070ee0c9e8, R10=0x000000656d617260, R11=0x000060000276fec0
R12=0x0000000000000000, R13=0x00007ff7bb905950, R14=0x00007ff7bb905a38, R15=0x00007fd39b80ca00
RIP=0x00007ff803bd485d, EFLAGS=0x0000000000010206, ERR=0x0000000000000004
  TRAPNO=0x000000000000000e


Register to memory mapping:

RAX={method} {0x00000001279b3ac0} 'linkToNative' '(JJJJLjava/lang/Object;)V' in 'java/lang/invoke/MethodHandle'
RBX={method} {0x00000001279b3ac0} 'linkToNative' '(JJJJLjava/lang/Object;)V' in 'java/lang/invoke/MethodHandle'
RCX=0x00007ff823c11dde points into unknown readable memory: 66 72
RDX=0x000060000276fec0 points into unknown readable memory: 0x0000000000000000 | 00 00 00 00 00 00 00 00
RSP=0x00007ff7bb905938 is pointing into the stack for thread: 0x00007fd39b80ca00
RBP=0x00007ff7bb905940 is pointing into the stack for thread: 0x00007fd39b80ca00
RSI=0x00007ff823c11dde points into unknown readable memory: 66 72
RDI=0x00007fd39a426e40 points into unknown readable memory: 0x033dfff8449c7695 | 95 76 9c 44 f8 ff 3d 03
R8 =0x000060000276fec0 points into unknown readable memory: 0x0000000000000000 | 00 00 00 00 00 00 00 00
R9 =0x000000070ee0c9e8 is an oop: jdk.internal.foreign.abi.NativeEntryPoint 
{0x000000070ee0c9e8} - klass: 'jdk/internal/foreign/abi/NativeEntryPoint' - flags: 

 - ---- fields (total size 3 words):
 - private final 'methodType' 'Ljava/lang/invoke/MethodType;' @12  a 'java/lang/invoke/MethodType'{0x000000070ee0c020} = (JJJJ)V (0xe1dc1804)
 - private final 'downcallStubAddress' 'J' @16  4712190944 (0x0000000118de53e0)
R10=0x000000656d617260 is an unknown value
R11=0x000060000276fec0 points into unknown readable memory: 0x0000000000000000 | 00 00 00 00 00 00 00 00
R12=0x0 is null
R13=0x00007ff7bb905950 is pointing into the stack for thread: 0x00007fd39b80ca00
R14=0x00007ff7bb905a38 is pointing into the stack for thread: 0x00007fd39b80ca00
R15=0x00007fd39b80ca00 is a thread

Top of Stack: (sp=0x00007ff7bb905938)
0x00007ff7bb905938:   0000000118de5420 00007ff7bb9059e0    T.......Y......
0x00007ff7bb905948:   0000000118c02656 000000070ee0c9e8   V&..............
0x00007ff7bb905958:   000060000276fec0 0000000000000000   ..v..`..........
0x00007ff7bb905968:   00007ff823c11dde 0000000000000000   ...#............
0x00007ff7bb905978:   00007fd39a426e40 0000000000000000   @nB.............
0x00007ff7bb905988:   00007ff803bd4840 0000000000000000   @H..............
0x00007ff7bb905998:   fffffffffffffff7 000000012786ba56   ........V..'....
0x00007ff7bb9059a8:   000000000000000b 000000012786bc00   ...........'....
0x00007ff7bb9059b8:   0000000000000000 000000070ee145c8   .........E......
0x00007ff7bb9059c8:   000000012786ba68 ffffffffffffffee   h..'............
0x00007ff7bb9059d8:   00007ff7bb9059f8 00007ff7bb905a88   .Y.......Z......
0x00007ff7bb9059e8:   0000000118c02656 000000070ee0c9e8   V&..............
0x00007ff7bb9059f8:   000060000276fec0 0000000000000000   ..v..`..........
0x00007ff7bb905a08:   00007ff823c11dde 0000000000000000   ...#............
0x00007ff7bb905a18:   00007fd39a426e40 0000000000000000   @nB.............
0x00007ff7bb905a28:   00007ff803bd4840 0000000000000000   @H..............
0x00007ff7bb905a38:   000000070ee146f8 fffffffffffffff7   .F..............
0x00007ff7bb905a48:   0000000127871aa1 000000000000000b   ...'............
0x00007ff7bb905a58:   0000000127871c60 0000000000000000   `..'............
0x00007ff7bb905a68:   000000070ee7cdb8 0000000127871ab0   ...........'....
0x00007ff7bb905a78:   ffffffffffffffee 00007ff7bb905a98   .........Z......
0x00007ff7bb905a88:   00007ff7bb905b30 0000000118c02656   0[......V&......
0x00007ff7bb905a98:   000000070ee0c020 000060000276fec0    .........v..`..
0x00007ff7bb905aa8:   0000000000000000 00007ff823c11dde   ...........#....
0x00007ff7bb905ab8:   0000000000000000 00007fd39a426e40   ........@nB.....
0x00007ff7bb905ac8:   0000000000000000 00007ff803bd4840   ........@H......
0x00007ff7bb905ad8:   0000000000000000 000000070ee146f8   .........F......
0x00007ff7bb905ae8:   fffffffffffffff7 000000012786c411   ...........'....
0x00007ff7bb905af8:   0000000000000013 000000012786c738   ........8..'....
0x00007ff7bb905b08:   0000000000000000 000000070ee20b28   ........(.......
0x00007ff7bb905b18:   000000012786c490 ffffffffffffffed   ...'............
0x00007ff7bb905b28:   00007ff7bb905ba0 00007ff7bb905c18   .[.......\......

Instructions: (pc=0x00007ff803bd485d)
  0x00007ff803bd475d:   45 23 5a 18 49 c1 e3 04 4d 03 5a 10 49 3b 33 75
  0x00007ff803bd476d:   08 4d 8b 5b 08 4d 31 d3 c3 49 83 3b 01 76 11 49
  0x00007ff803bd477d:   83 c3 10 49 3b 33 75 f1 4d 8b 5b 08 4d 31 d3 c3
  0x00007ff803bd478d:   72 65 4d 8b 5b 08 eb 0a 49 83 3b 01 76 11 49 83
  0x00007ff803bd479d:   c3 10 49 3b 33 75 f1 4d 8b 5b 08 4d 31 d3 c3 eb
  0x00007ff803bd47ad:   46 66 90 4c 8d 1d 25 f8 ff ff c3 41 89 fb 41 83
  0x00007ff803bd47bd:   e3 0f 4c 8d 15 4a a9 da 40 4f 8b 14 da 4c 8d 1d
  0x00007ff803bd47cd:   27 a7 da 40 4d 39 d3 75 84 41 89 fb 41 c1 eb 04
  0x00007ff803bd47dd:   41 81 e3 ff 00 00 00 4c 8d 15 a5 a9 da 40 4f 8b
  0x00007ff803bd47ed:   14 da e9 66 ff ff ff e9 b7 07 00 00 90 90 90 90
  0x00007ff803bd47fd:   90 90 90 cc 90 90 90 48 8b 76 08 e9 33 fe ff ff
  0x00007ff803bd480d:   90 90 90 90 90 90 90 90 90 90 90 90 90 90 90 90
  0x00007ff803bd481d:   90 90 90 90 90 90 90 90 90 90 90 90 90 90 90 90
  0x00007ff803bd482d:   90 90 90 90 90 90 90 90 90 90 90 90 90 90 90 90
  0x00007ff803bd483d:   90 90 90 48 85 f6 2e 74 7a 40 f6 c6 01 2e 75 77
  0x00007ff803bd484d:   49 ba f8 ff ff ff ff 7f 00 00 4c 23 16 49 89 d3
=>0x00007ff803bd485d:   45 23 5a 18 49 c1 e3 04 4d 03 5a 10 49 3b 13 75
  0x00007ff803bd486d:   0d 4d 8b 5b 08 4d 31 d3 4d 39 db 41 ff e3 49 83
  0x00007ff803bd487d:   3b 01 76 16 49 83 c3 10 49 3b 13 75 f1 4d 8b 5b
  0x00007ff803bd488d:   08 4d 31 d3 4d 39 db 41 ff e3 72 6b 4d 8b 5b 08
  0x00007ff803bd489d:   eb 0a 49 83 3b 01 76 16 49 83 c3 10 49 3b 13 75
  0x00007ff803bd48ad:   f1 4d 8b 5b 08 4d 31 d3 4d 39 db 41 ff e3 eb 47
  0x00007ff803bd48bd:   0f 1f 00 48 89 f8 c3 41 89 f3 41 83 e3 0f 4c 8d
  0x00007ff803bd48cd:   15 3e a8 da 40 4f 8b 14 da 4c 8d 1d 1b a6 da 40
  0x00007ff803bd48dd:   4d 39 d3 0f 85 74 ff ff ff 41 89 f3 41 c1 eb 04
  0x00007ff803bd48ed:   41 81 e3 ff 00 00 00 4c 8d 15 95 a8 da 40 4f 8b
  0x00007ff803bd48fd:   14 da e9 56 ff ff ff e9 53 03 00 00 90 90 90 90
  0x00007ff803bd490d:   90 90 90 90 90 90 90 90 90 90 90 90 90 90 90 90
  0x00007ff803bd491d:   90 90 90 90 90 90 90 90 90 90 90 90 90 90 90 90
  0x00007ff803bd492d:   90 90 90 90 90 90 90 90 90 90 90 90 90 90 90 90
  0x00007ff803bd493d:   90 90 90 48 85 f6 2e 74 6a 40 f6 c6 01 2e 75 6b
  0x00007ff803bd494d:   49 ba f8 ff ff ff ff 7f 00 00 4c 23 16 49 89 d3


Stack slot to memory mapping:

stack at sp + 0 slots: 0x0000000118de5420 is at code_begin+64 in 
[CodeBlob kind:6 (0x0000000118de5388)]
Framesize: 2
Runtime Stub (0x0000000118de5388): nep_invoker_blob
--------------------------------------------------------------------------------
Decoding CodeBlob, name: nep_invoker_blob, at  [0x0000000118de53e0, 0x0000000118de54c8]  232 bytes
[MachCode]
  0x0000000118de53e0: 5548 8bec | c5f8 7749 | 89af 1804 | 0000 49ba | e453 de18 | 0100 0000 | 4d89 9710 | 0400 0049 
  0x0000000118de5400: 89a7 0804 | 0000 41c7 | 87b4 0400 | 0004 0000 | 004c 8bd6 | 488b f148 | 8bfa 498b | d041 ffd2 
  0x0000000118de5420: c5f8 7741 | c787 b404 | 0000 0500 | 0000 f083 | 4424 c000 | 493b 6f28 | 0f87 4d00 | 0000 4183 
  0x0000000118de5440: bfb0 0400 | 0000 0f85 | 3f00 0000 | 41c7 87b4 | 0400 0008 | 0000 0041 | 83bf 3005 | 0000 020f 
  0x0000000118de5460: 8444 0000 | 0049 c787 | 0804 0000 | 0000 0000 | 49c7 8718 | 0400 0000 | 0000 0049 | c787 1004 
  0x0000000118de5480: 0000 0000 | 0000 c5f8 | 77c9 c349 | 8bff c5f8 | 774c 8be4 | 4883 ec00 | 4883 e4f0 | e8af 8738 
  0x0000000118de54a0: ed49 8be4 | 4d33 e4eb | a3c5 f877 | 4c8b e448 | 83ec 0048 | 83e4 f0e8 | 945c 7eed | 498b e44d 
  0x0000000118de54c0: 33e4 eba1 | f4f4 f4f4 
[/MachCode]
--------------------------------------------------------------------------------
stack at sp + 1 slots: 0x00007ff7bb9059e0 is pointing into the stack for thread: 0x00007fd39b80ca00
stack at sp + 2 slots: 0x0000000118c02656 is at code_begin+1814 in an Interpreter codelet
return entry points  [0x0000000118c01f40, 0x0000000118c02ba0]  3168 bytes
stack at sp + 3 slots: 0x000000070ee0c9e8 is an oop: jdk.internal.foreign.abi.NativeEntryPoint 
{0x000000070ee0c9e8} - klass: 'jdk/internal/foreign/abi/NativeEntryPoint' - flags: 

 - ---- fields (total size 3 words):
 - private final 'methodType' 'Ljava/lang/invoke/MethodType;' @12  a 'java/lang/invoke/MethodType'{0x000000070ee0c020} = (JJJJ)V (0xe1dc1804)
 - private final 'downcallStubAddress' 'J' @16  4712190944 (0x0000000118de53e0)
stack at sp + 4 slots: 0x000060000276fec0 points into unknown readable memory: 0x0000000000000000 | 00 00 00 00 00 00 00 00
stack at sp + 5 slots: 0x0 is null
stack at sp + 6 slots: 0x00007ff823c11dde points into unknown readable memory: 66 72
stack at sp + 7 slots: 0x0 is null

Lock stack of current Java thread (top to bottom):

--------------------------------------------------------------------------------
Decoding CodeBlob, name: upcall_stub, at  [0x0000000118de6060, 0x0000000118de6148]  232 bytes
[MachCode]
  0x0000000118de6060: 5548 8bec | 4881 ec80 | 0000 0048 | 893c 2448 | 8974 2408 | 4889 5424 | 1048 895c | 2418 4c89 
  0x0000000118de6080: 6424 204c | 896c 2428 | 4c89 7424 | 304c 897c | 2438 c5f8 | ae5c 2440 | 8b44 2440 | 25c0 ff00 
  0x0000000118de60a0: 003b 0519 | 13d5 ed0f | 8408 0000 | 00c5 f8ae | 150b 13d5 | edc5 f877 | 488d 7c24 | 48e8 ce4b 
  0x0000000118de60c0: a1ed 4c8b | f84d 33e4 | 488b 3c24 | 488b 7424 | 0848 8b54 | 2410 4c8b | c248 8bd7 | 488b ce48 
  0x0000000118de60e0: be52 5640 | 9ad3 7f00 | 00e8 0da2 | e4ff 493b | a7a8 0500 | 0076 0749 | 89a7 a805 | 0000 ff53 
  0x0000000118de6100: 4049 3ba7 | a805 0000 | 720b 49c7 | 87a8 0500 | 0000 0000 | 00c5 f877 | 488d 7c24 | 48e8 ae4d 
  0x0000000118de6120: a1ed 4d33 | e448 8b5c | 2418 4c8b | 6424 204c | 8b6c 2428 | 4c8b 7424 | 304c 8b7c | 2438 c5f8 
  0x0000000118de6140: ae54 2440 | c9c3 f4f4 
[/MachCode]
--------------------------------------------------------------------------------

--------------------------------------------------------------------------------
Decoding CodeBlob, name: nep_invoker_blob, at  [0x0000000118f01460, 0x0000000118f01548]  232 bytes
[MachCode]
  0x0000000118f01460: 5548 8bec | c5f8 7749 | 89af 1804 | 0000 49ba | 6414 f018 | 0100 0000 | 4d89 9710 | 0400 0049 
  0x0000000118f01480: 89a7 0804 | 0000 41c7 | 87b4 0400 | 0004 0000 | 004c 8bd6 | 488b f148 | 8bfa 41ff | d2c5 f877 
  0x0000000118f014a0: 41c7 87b4 | 0400 0005 | 0000 00f0 | 8344 24c0 | 0049 3b6f | 280f 874d | 0000 0041 | 83bf b004 
  0x0000000118f014c0: 0000 000f | 853f 0000 | 0041 c787 | b404 0000 | 0800 0000 | 4183 bf30 | 0500 0002 | 0f84 4400 
  0x0000000118f014e0: 0000 49c7 | 8708 0400 | 0000 0000 | 0049 c787 | 1804 0000 | 0000 0000 | 49c7 8710 | 0400 0000 
  0x0000000118f01500: 0000 00c5 | f877 c9c3 | 498b ffc5 | f877 4c8b | e448 83ec | 0048 83e4 | f0e8 32c7 | 26ed 498b 
  0x0000000118f01520: e44d 33e4 | eba3 c5f8 | 774c 8be4 | 4883 ec00 | 4883 e4f0 | e817 9c6c | ed49 8be4 | 4d33 e4eb 
  0x0000000118f01540: a1f4 f4f4 | f4f4 f4f4 
[/MachCode]
--------------------------------------------------------------------------------

--------------------------------------------------------------------------------
Decoding CodeBlob, name: nep_invoker_blob, at  [0x0000000118de53e0, 0x0000000118de54c8]  232 bytes
[MachCode]
  0x0000000118de53e0: 5548 8bec | c5f8 7749 | 89af 1804 | 0000 49ba | e453 de18 | 0100 0000 | 4d89 9710 | 0400 0049 
  0x0000000118de5400: 89a7 0804 | 0000 41c7 | 87b4 0400 | 0004 0000 | 004c 8bd6 | 488b f148 | 8bfa 498b | d041 ffd2 
  0x0000000118de5420: c5f8 7741 | c787 b404 | 0000 0500 | 0000 f083 | 4424 c000 | 493b 6f28 | 0f87 4d00 | 0000 4183 
  0x0000000118de5440: bfb0 0400 | 0000 0f85 | 3f00 0000 | 41c7 87b4 | 0400 0008 | 0000 0041 | 83bf 3005 | 0000 020f 
  0x0000000118de5460: 8444 0000 | 0049 c787 | 0804 0000 | 0000 0000 | 49c7 8718 | 0400 0000 | 0000 0049 | c787 1004 
  0x0000000118de5480: 0000 0000 | 0000 c5f8 | 77c9 c349 | 8bff c5f8 | 774c 8be4 | 4883 ec00 | 4883 e4f0 | e8af 8738 
  0x0000000118de54a0: ed49 8be4 | 4d33 e4eb | a3c5 f877 | 4c8b e448 | 83ec 0048 | 83e4 f0e8 | 945c 7eed | 498b e44d 
  0x0000000118de54c0: 33e4 eba1 | f4f4 f4f4 
[/MachCode]
--------------------------------------------------------------------------------


---------------  P R O C E S S  ---------------

Threads class SMR info:
_java_thread_list=0x0000600002780300, length=13, elements={
0x00007fd39b80ca00, 0x00007fd39c80e000, 0x00007fd39b059400, 0x00007fd39b05c400,
0x00007fd39b05cc00, 0x00007fd39b05d400, 0x00007fd39f80a400, 0x00007fd39b065c00,
0x00007fd39b077000, 0x00007fd39b86ba00, 0x00007fd39c80e800, 0x00007fd39f9c5c00,
0x00007fd39c963200
}

Java Threads: ( => current thread )
=>0x00007fd39b80ca00 JavaThread "main"                              [_thread_in_native, id=259, stack(0x00007ff7bb10e000,0x00007ff7bb90e000) (8192K)]
  0x00007fd39c80e000 JavaThread "Reference Handler"          daemon [_thread_blocked, id=28675, stack(0x000070000f743000,0x000070000f843000) (1024K)]
  0x00007fd39b059400 JavaThread "Finalizer"                  daemon [_thread_blocked, id=23811, stack(0x000070000f846000,0x000070000f946000) (1024K)]
  0x00007fd39b05c400 JavaThread "Signal Dispatcher"          daemon [_thread_blocked, id=24067, stack(0x000070000f949000,0x000070000fa49000) (1024K)]
  0x00007fd39b05cc00 JavaThread "Service Thread"             daemon [_thread_blocked, id=28163, stack(0x000070000fa4c000,0x000070000fb4c000) (1024K)]
  0x00007fd39b05d400 JavaThread "Monitor Deflation Thread"   daemon [_thread_blocked, id=24835, stack(0x000070000fb4f000,0x000070000fc4f000) (1024K)]
  0x00007fd39f80a400 JavaThread "C2 CompilerThread0"         daemon [_thread_blocked, id=25347, stack(0x000070000fc52000,0x000070000fd52000) (1024K)]
  0x00007fd39b065c00 JavaThread "C1 CompilerThread0"         daemon [_thread_blocked, id=27651, stack(0x000070000fd55000,0x000070000fe55000) (1024K)]
  0x00007fd39b077000 JavaThread "C1 CompilerThread1"         daemon [_thread_blocked, id=27139, stack(0x000070000fe58000,0x000070000ff58000) (1024K)]
  0x00007fd39b86ba00 JavaThread "Notification Thread"        daemon [_thread_blocked, id=26883, stack(0x000070000ff5b000,0x000070001005b000) (1024K)]
  0x00007fd39c80e800 JavaThread "Common-Cleaner"             daemon [_thread_blocked, id=26627, stack(0x000070001005e000,0x000070001015e000) (1024K)]
  0x00007fd39f9c5c00 JavaThread "C1 CompilerThread2"         daemon [_thread_blocked, id=33027, stack(0x0000700010264000,0x0000700010364000) (1024K)]
  0x00007fd39c963200 JavaThread "C1 CompilerThread3"         daemon [_thread_blocked, id=43011, stack(0x0000700010367000,0x0000700010467000) (1024K)]
Total: 13

Other Threads:
  0x00007fd39f022400 VMThread "VM Thread"                           [id=17923, stack(0x000070000f53a000,0x000070000f63a000) (1024K)]
  0x00007fd39a006200 WatcherThread "VM Periodic Task Thread"        [id=20739, stack(0x000070000f437000,0x000070000f537000) (1024K)]
  0x00007fd39b80ec00 WorkerThread "GC Thread#0"                     [id=12291, stack(0x000070000ef28000,0x000070000f028000) (1024K)]
  0x00007fd39b84ae00 ConcurrentGCThread "G1 Main Marker"            [id=14083, stack(0x000070000f02b000,0x000070000f12b000) (1024K)]
  0x00007fd39b84b400 WorkerThread "G1 Conc#0"                       [id=13315, stack(0x000070000f12e000,0x000070000f22e000) (1024K)]
  0x00007fd39b009200 ConcurrentGCThread "G1 Refine#0"               [id=12803, stack(0x000070000f231000,0x000070000f331000) (1024K)]
  0x00007fd39b009800 ConcurrentGCThread "G1 Service"                [id=21507, stack(0x000070000f334000,0x000070000f434000) (1024K)]
Total: 7

Threads with active compile tasks:
Total: 0

VM state: not at safepoint (normal execution)

VM Mutex/Monitor currently owned by a thread: None

Heap address: 0x0000000700000000, size: 4096 MB, Compressed Oops mode: Zero based, Oop shift amount: 3

CDS archive(s) not mapped
Compressed class space mapped at: 0x0000000142000000-0x0000000182000000, reserved size: 1073741824
UseCompressedClassPointers 1, UseCompactObjectHeaders 0
Narrow klass pointer bits 32, Max shift 3
Narrow klass base: 0x0000000000000000, Narrow klass shift: 3
Encoding Range: [0x0000000000000000 - 0x0000000800000000), (34359738368 bytes)
Klass Range:    [0x0000000142000000 - 0x0000000182000000), (1073741824 bytes)
Klass ID Range:  [675282944 - 809500672) (134217728)
No protection zone.

GC Precious Log:
 CardTable entry size: 512
 Card Set container configuration: InlinePtr #cards 4 size 8 Array Of Cards #cards 16 size 48 Howl #buckets 8 coarsen threshold 3686 Howl Bitmap #cards 512 size 80 coarsen threshold 460 Card regions per heap region 1 cards per card region 4096
 CPUs: 16 total, 16 available
 Memory: 16384M
 Large Page Support: Disabled
 NUMA Support: Disabled
 Compressed Oops: Enabled (Zero based)
 Heap Region Size: 2M
 Heap Min Capacity: 8M
 Heap Initial Capacity: 256M
 Heap Max Capacity: 4G
 Pre-touch: Disabled
 Parallel Workers: 13
 Concurrent Workers: 3
 Concurrent Refinement Workers: 13
 Periodic GC: Disabled

Heap:
 garbage-first heap   total reserved 4194304K, committed 262144K, used 22528K [0x0000000700000000, 0x0000000800000000)
  region size 2048K, 11 young (22528K), 0 survivors (0K)

Heap Regions: E=young(eden), S=young(survivor), O=old, HS=humongous(starts), HC=humongous(continues), CS=collection set, F=free, TAMS=top-at-mark-start, PB=parsable bottom
|   0|0x0000000700000000, 0x0000000700200000, 0x0000000700200000|100%|HS|  |TAMS 0x0000000700000000| PB 0x0000000700000000| Complete |  0
|   1|0x0000000700200000, 0x0000000700200000, 0x0000000700400000|  0%| F|  |TAMS 0x0000000700200000| PB 0x0000000700200000| Untracked |  0
|   2|0x0000000700400000, 0x0000000700400000, 0x0000000700600000|  0%| F|  |TAMS 0x0000000700400000| PB 0x0000000700400000| Untracked |  0
|   3|0x0000000700600000, 0x0000000700600000, 0x0000000700800000|  0%| F|  |TAMS 0x0000000700600000| PB 0x0000000700600000| Untracked |  0
|   4|0x0000000700800000, 0x0000000700800000, 0x0000000700a00000|  0%| F|  |TAMS 0x0000000700800000| PB 0x0000000700800000| Untracked |  0
|   5|0x0000000700a00000, 0x0000000700a00000, 0x0000000700c00000|  0%| F|  |TAMS 0x0000000700a00000| PB 0x0000000700a00000| Untracked |  0
|   6|0x0000000700c00000, 0x0000000700c00000, 0x0000000700e00000|  0%| F|  |TAMS 0x0000000700c00000| PB 0x0000000700c00000| Untracked |  0
|   7|0x0000000700e00000, 0x0000000700e00000, 0x0000000701000000|  0%| F|  |TAMS 0x0000000700e00000| PB 0x0000000700e00000| Untracked |  0
|   8|0x0000000701000000, 0x0000000701000000, 0x0000000701200000|  0%| F|  |TAMS 0x0000000701000000| PB 0x0000000701000000| Untracked |  0
|   9|0x0000000701200000, 0x0000000701200000, 0x0000000701400000|  0%| F|  |TAMS 0x0000000701200000| PB 0x0000000701200000| Untracked |  0
|  10|0x0000000701400000, 0x0000000701400000, 0x0000000701600000|  0%| F|  |TAMS 0x0000000701400000| PB 0x0000000701400000| Untracked |  0
|  11|0x0000000701600000, 0x0000000701600000, 0x0000000701800000|  0%| F|  |TAMS 0x0000000701600000| PB 0x0000000701600000| Untracked |  0
|  12|0x0000000701800000, 0x0000000701800000, 0x0000000701a00000|  0%| F|  |TAMS 0x0000000701800000| PB 0x0000000701800000| Untracked |  0
|  13|0x0000000701a00000, 0x0000000701a00000, 0x0000000701c00000|  0%| F|  |TAMS 0x0000000701a00000| PB 0x0000000701a00000| Untracked |  0
|  14|0x0000000701c00000, 0x0000000701c00000, 0x0000000701e00000|  0%| F|  |TAMS 0x0000000701c00000| PB 0x0000000701c00000| Untracked |  0
|  15|0x0000000701e00000, 0x0000000701e00000, 0x0000000702000000|  0%| F|  |TAMS 0x0000000701e00000| PB 0x0000000701e00000| Untracked |  0
|  16|0x0000000702000000, 0x0000000702000000, 0x0000000702200000|  0%| F|  |TAMS 0x0000000702000000| PB 0x0000000702000000| Untracked |  0
|  17|0x0000000702200000, 0x0000000702200000, 0x0000000702400000|  0%| F|  |TAMS 0x0000000702200000| PB 0x0000000702200000| Untracked |  0
|  18|0x0000000702400000, 0x0000000702400000, 0x0000000702600000|  0%| F|  |TAMS 0x0000000702400000| PB 0x0000000702400000| Untracked |  0
|  19|0x0000000702600000, 0x0000000702600000, 0x0000000702800000|  0%| F|  |TAMS 0x0000000702600000| PB 0x0000000702600000| Untracked |  0
|  20|0x0000000702800000, 0x0000000702800000, 0x0000000702a00000|  0%| F|  |TAMS 0x0000000702800000| PB 0x0000000702800000| Untracked |  0
|  21|0x0000000702a00000, 0x0000000702a00000, 0x0000000702c00000|  0%| F|  |TAMS 0x0000000702a00000| PB 0x0000000702a00000| Untracked |  0
|  22|0x0000000702c00000, 0x0000000702c00000, 0x0000000702e00000|  0%| F|  |TAMS 0x0000000702c00000| PB 0x0000000702c00000| Untracked |  0
|  23|0x0000000702e00000, 0x0000000702e00000, 0x0000000703000000|  0%| F|  |TAMS 0x0000000702e00000| PB 0x0000000702e00000| Untracked |  0
|  24|0x0000000703000000, 0x0000000703000000, 0x0000000703200000|  0%| F|  |TAMS 0x0000000703000000| PB 0x0000000703000000| Untracked |  0
|  25|0x0000000703200000, 0x0000000703200000, 0x0000000703400000|  0%| F|  |TAMS 0x0000000703200000| PB 0x0000000703200000| Untracked |  0
|  26|0x0000000703400000, 0x0000000703400000, 0x0000000703600000|  0%| F|  |TAMS 0x0000000703400000| PB 0x0000000703400000| Untracked |  0
|  27|0x0000000703600000, 0x0000000703600000, 0x0000000703800000|  0%| F|  |TAMS 0x0000000703600000| PB 0x0000000703600000| Untracked |  0
|  28|0x0000000703800000, 0x0000000703800000, 0x0000000703a00000|  0%| F|  |TAMS 0x0000000703800000| PB 0x0000000703800000| Untracked |  0
|  29|0x0000000703a00000, 0x0000000703a00000, 0x0000000703c00000|  0%| F|  |TAMS 0x0000000703a00000| PB 0x0000000703a00000| Untracked |  0
|  30|0x0000000703c00000, 0x0000000703c00000, 0x0000000703e00000|  0%| F|  |TAMS 0x0000000703c00000| PB 0x0000000703c00000| Untracked |  0
|  31|0x0000000703e00000, 0x0000000703e00000, 0x0000000704000000|  0%| F|  |TAMS 0x0000000703e00000| PB 0x0000000703e00000| Untracked |  0
|  32|0x0000000704000000, 0x0000000704000000, 0x0000000704200000|  0%| F|  |TAMS 0x0000000704000000| PB 0x0000000704000000| Untracked |  0
|  33|0x0000000704200000, 0x0000000704200000, 0x0000000704400000|  0%| F|  |TAMS 0x0000000704200000| PB 0x0000000704200000| Untracked |  0
|  34|0x0000000704400000, 0x0000000704400000, 0x0000000704600000|  0%| F|  |TAMS 0x0000000704400000| PB 0x0000000704400000| Untracked |  0
|  35|0x0000000704600000, 0x0000000704600000, 0x0000000704800000|  0%| F|  |TAMS 0x0000000704600000| PB 0x0000000704600000| Untracked |  0
|  36|0x0000000704800000, 0x0000000704800000, 0x0000000704a00000|  0%| F|  |TAMS 0x0000000704800000| PB 0x0000000704800000| Untracked |  0
|  37|0x0000000704a00000, 0x0000000704a00000, 0x0000000704c00000|  0%| F|  |TAMS 0x0000000704a00000| PB 0x0000000704a00000| Untracked |  0
|  38|0x0000000704c00000, 0x0000000704c00000, 0x0000000704e00000|  0%| F|  |TAMS 0x0000000704c00000| PB 0x0000000704c00000| Untracked |  0
|  39|0x0000000704e00000, 0x0000000704e00000, 0x0000000705000000|  0%| F|  |TAMS 0x0000000704e00000| PB 0x0000000704e00000| Untracked |  0
|  40|0x0000000705000000, 0x0000000705000000, 0x0000000705200000|  0%| F|  |TAMS 0x0000000705000000| PB 0x0000000705000000| Untracked |  0
|  41|0x0000000705200000, 0x0000000705200000, 0x0000000705400000|  0%| F|  |TAMS 0x0000000705200000| PB 0x0000000705200000| Untracked |  0
|  42|0x0000000705400000, 0x0000000705400000, 0x0000000705600000|  0%| F|  |TAMS 0x0000000705400000| PB 0x0000000705400000| Untracked |  0
|  43|0x0000000705600000, 0x0000000705600000, 0x0000000705800000|  0%| F|  |TAMS 0x0000000705600000| PB 0x0000000705600000| Untracked |  0
|  44|0x0000000705800000, 0x0000000705800000, 0x0000000705a00000|  0%| F|  |TAMS 0x0000000705800000| PB 0x0000000705800000| Untracked |  0
|  45|0x0000000705a00000, 0x0000000705a00000, 0x0000000705c00000|  0%| F|  |TAMS 0x0000000705a00000| PB 0x0000000705a00000| Untracked |  0
|  46|0x0000000705c00000, 0x0000000705c00000, 0x0000000705e00000|  0%| F|  |TAMS 0x0000000705c00000| PB 0x0000000705c00000| Untracked |  0
|  47|0x0000000705e00000, 0x0000000705e00000, 0x0000000706000000|  0%| F|  |TAMS 0x0000000705e00000| PB 0x0000000705e00000| Untracked |  0
|  48|0x0000000706000000, 0x0000000706000000, 0x0000000706200000|  0%| F|  |TAMS 0x0000000706000000| PB 0x0000000706000000| Untracked |  0
|  49|0x0000000706200000, 0x0000000706200000, 0x0000000706400000|  0%| F|  |TAMS 0x0000000706200000| PB 0x0000000706200000| Untracked |  0
|  50|0x0000000706400000, 0x0000000706400000, 0x0000000706600000|  0%| F|  |TAMS 0x0000000706400000| PB 0x0000000706400000| Untracked |  0
|  51|0x0000000706600000, 0x0000000706600000, 0x0000000706800000|  0%| F|  |TAMS 0x0000000706600000| PB 0x0000000706600000| Untracked |  0
|  52|0x0000000706800000, 0x0000000706800000, 0x0000000706a00000|  0%| F|  |TAMS 0x0000000706800000| PB 0x0000000706800000| Untracked |  0
|  53|0x0000000706a00000, 0x0000000706a00000, 0x0000000706c00000|  0%| F|  |TAMS 0x0000000706a00000| PB 0x0000000706a00000| Untracked |  0
|  54|0x0000000706c00000, 0x0000000706c00000, 0x0000000706e00000|  0%| F|  |TAMS 0x0000000706c00000| PB 0x0000000706c00000| Untracked |  0
|  55|0x0000000706e00000, 0x0000000706e00000, 0x0000000707000000|  0%| F|  |TAMS 0x0000000706e00000| PB 0x0000000706e00000| Untracked |  0
|  56|0x0000000707000000, 0x0000000707000000, 0x0000000707200000|  0%| F|  |TAMS 0x0000000707000000| PB 0x0000000707000000| Untracked |  0
|  57|0x0000000707200000, 0x0000000707200000, 0x0000000707400000|  0%| F|  |TAMS 0x0000000707200000| PB 0x0000000707200000| Untracked |  0
|  58|0x0000000707400000, 0x0000000707400000, 0x0000000707600000|  0%| F|  |TAMS 0x0000000707400000| PB 0x0000000707400000| Untracked |  0
|  59|0x0000000707600000, 0x0000000707600000, 0x0000000707800000|  0%| F|  |TAMS 0x0000000707600000| PB 0x0000000707600000| Untracked |  0
|  60|0x0000000707800000, 0x0000000707800000, 0x0000000707a00000|  0%| F|  |TAMS 0x0000000707800000| PB 0x0000000707800000| Untracked |  0
|  61|0x0000000707a00000, 0x0000000707a00000, 0x0000000707c00000|  0%| F|  |TAMS 0x0000000707a00000| PB 0x0000000707a00000| Untracked |  0
|  62|0x0000000707c00000, 0x0000000707c00000, 0x0000000707e00000|  0%| F|  |TAMS 0x0000000707c00000| PB 0x0000000707c00000| Untracked |  0
|  63|0x0000000707e00000, 0x0000000707e00000, 0x0000000708000000|  0%| F|  |TAMS 0x0000000707e00000| PB 0x0000000707e00000| Untracked |  0
|  64|0x0000000708000000, 0x0000000708000000, 0x0000000708200000|  0%| F|  |TAMS 0x0000000708000000| PB 0x0000000708000000| Untracked |  0
|  65|0x0000000708200000, 0x0000000708200000, 0x0000000708400000|  0%| F|  |TAMS 0x0000000708200000| PB 0x0000000708200000| Untracked |  0
|  66|0x0000000708400000, 0x0000000708400000, 0x0000000708600000|  0%| F|  |TAMS 0x0000000708400000| PB 0x0000000708400000| Untracked |  0
|  67|0x0000000708600000, 0x0000000708600000, 0x0000000708800000|  0%| F|  |TAMS 0x0000000708600000| PB 0x0000000708600000| Untracked |  0
|  68|0x0000000708800000, 0x0000000708800000, 0x0000000708a00000|  0%| F|  |TAMS 0x0000000708800000| PB 0x0000000708800000| Untracked |  0
|  69|0x0000000708a00000, 0x0000000708a00000, 0x0000000708c00000|  0%| F|  |TAMS 0x0000000708a00000| PB 0x0000000708a00000| Untracked |  0
|  70|0x0000000708c00000, 0x0000000708c00000, 0x0000000708e00000|  0%| F|  |TAMS 0x0000000708c00000| PB 0x0000000708c00000| Untracked |  0
|  71|0x0000000708e00000, 0x0000000708e00000, 0x0000000709000000|  0%| F|  |TAMS 0x0000000708e00000| PB 0x0000000708e00000| Untracked |  0
|  72|0x0000000709000000, 0x0000000709000000, 0x0000000709200000|  0%| F|  |TAMS 0x0000000709000000| PB 0x0000000709000000| Untracked |  0
|  73|0x0000000709200000, 0x0000000709200000, 0x0000000709400000|  0%| F|  |TAMS 0x0000000709200000| PB 0x0000000709200000| Untracked |  0
|  74|0x0000000709400000, 0x0000000709400000, 0x0000000709600000|  0%| F|  |TAMS 0x0000000709400000| PB 0x0000000709400000| Untracked |  0
|  75|0x0000000709600000, 0x0000000709600000, 0x0000000709800000|  0%| F|  |TAMS 0x0000000709600000| PB 0x0000000709600000| Untracked |  0
|  76|0x0000000709800000, 0x0000000709800000, 0x0000000709a00000|  0%| F|  |TAMS 0x0000000709800000| PB 0x0000000709800000| Untracked |  0
|  77|0x0000000709a00000, 0x0000000709a00000, 0x0000000709c00000|  0%| F|  |TAMS 0x0000000709a00000| PB 0x0000000709a00000| Untracked |  0
|  78|0x0000000709c00000, 0x0000000709c00000, 0x0000000709e00000|  0%| F|  |TAMS 0x0000000709c00000| PB 0x0000000709c00000| Untracked |  0
|  79|0x0000000709e00000, 0x0000000709e00000, 0x000000070a000000|  0%| F|  |TAMS 0x0000000709e00000| PB 0x0000000709e00000| Untracked |  0
|  80|0x000000070a000000, 0x000000070a000000, 0x000000070a200000|  0%| F|  |TAMS 0x000000070a000000| PB 0x000000070a000000| Untracked |  0
|  81|0x000000070a200000, 0x000000070a200000, 0x000000070a400000|  0%| F|  |TAMS 0x000000070a200000| PB 0x000000070a200000| Untracked |  0
|  82|0x000000070a400000, 0x000000070a400000, 0x000000070a600000|  0%| F|  |TAMS 0x000000070a400000| PB 0x000000070a400000| Untracked |  0
|  83|0x000000070a600000, 0x000000070a600000, 0x000000070a800000|  0%| F|  |TAMS 0x000000070a600000| PB 0x000000070a600000| Untracked |  0
|  84|0x000000070a800000, 0x000000070a800000, 0x000000070aa00000|  0%| F|  |TAMS 0x000000070a800000| PB 0x000000070a800000| Untracked |  0
|  85|0x000000070aa00000, 0x000000070aa00000, 0x000000070ac00000|  0%| F|  |TAMS 0x000000070aa00000| PB 0x000000070aa00000| Untracked |  0
|  86|0x000000070ac00000, 0x000000070ac00000, 0x000000070ae00000|  0%| F|  |TAMS 0x000000070ac00000| PB 0x000000070ac00000| Untracked |  0
|  87|0x000000070ae00000, 0x000000070ae00000, 0x000000070b000000|  0%| F|  |TAMS 0x000000070ae00000| PB 0x000000070ae00000| Untracked |  0
|  88|0x000000070b000000, 0x000000070b000000, 0x000000070b200000|  0%| F|  |TAMS 0x000000070b000000| PB 0x000000070b000000| Untracked |  0
|  89|0x000000070b200000, 0x000000070b200000, 0x000000070b400000|  0%| F|  |TAMS 0x000000070b200000| PB 0x000000070b200000| Untracked |  0
|  90|0x000000070b400000, 0x000000070b400000, 0x000000070b600000|  0%| F|  |TAMS 0x000000070b400000| PB 0x000000070b400000| Untracked |  0
|  91|0x000000070b600000, 0x000000070b600000, 0x000000070b800000|  0%| F|  |TAMS 0x000000070b600000| PB 0x000000070b600000| Untracked |  0
|  92|0x000000070b800000, 0x000000070b800000, 0x000000070ba00000|  0%| F|  |TAMS 0x000000070b800000| PB 0x000000070b800000| Untracked |  0
|  93|0x000000070ba00000, 0x000000070ba00000, 0x000000070bc00000|  0%| F|  |TAMS 0x000000070ba00000| PB 0x000000070ba00000| Untracked |  0
|  94|0x000000070bc00000, 0x000000070bc00000, 0x000000070be00000|  0%| F|  |TAMS 0x000000070bc00000| PB 0x000000070bc00000| Untracked |  0
|  95|0x000000070be00000, 0x000000070be00000, 0x000000070c000000|  0%| F|  |TAMS 0x000000070be00000| PB 0x000000070be00000| Untracked |  0
|  96|0x000000070c000000, 0x000000070c000000, 0x000000070c200000|  0%| F|  |TAMS 0x000000070c000000| PB 0x000000070c000000| Untracked |  0
|  97|0x000000070c200000, 0x000000070c200000, 0x000000070c400000|  0%| F|  |TAMS 0x000000070c200000| PB 0x000000070c200000| Untracked |  0
|  98|0x000000070c400000, 0x000000070c400000, 0x000000070c600000|  0%| F|  |TAMS 0x000000070c400000| PB 0x000000070c400000| Untracked |  0
|  99|0x000000070c600000, 0x000000070c600000, 0x000000070c800000|  0%| F|  |TAMS 0x000000070c600000| PB 0x000000070c600000| Untracked |  0
| 100|0x000000070c800000, 0x000000070c800000, 0x000000070ca00000|  0%| F|  |TAMS 0x000000070c800000| PB 0x000000070c800000| Untracked |  0
| 101|0x000000070ca00000, 0x000000070ca00000, 0x000000070cc00000|  0%| F|  |TAMS 0x000000070ca00000| PB 0x000000070ca00000| Untracked |  0
| 102|0x000000070cc00000, 0x000000070cc00000, 0x000000070ce00000|  0%| F|  |TAMS 0x000000070cc00000| PB 0x000000070cc00000| Untracked |  0
| 103|0x000000070ce00000, 0x000000070ce00000, 0x000000070d000000|  0%| F|  |TAMS 0x000000070ce00000| PB 0x000000070ce00000| Untracked |  0
| 104|0x000000070d000000, 0x000000070d000000, 0x000000070d200000|  0%| F|  |TAMS 0x000000070d000000| PB 0x000000070d000000| Untracked |  0
| 105|0x000000070d200000, 0x000000070d200000, 0x000000070d400000|  0%| F|  |TAMS 0x000000070d200000| PB 0x000000070d200000| Untracked |  0
| 106|0x000000070d400000, 0x000000070d400000, 0x000000070d600000|  0%| F|  |TAMS 0x000000070d400000| PB 0x000000070d400000| Untracked |  0
| 107|0x000000070d600000, 0x000000070d600000, 0x000000070d800000|  0%| F|  |TAMS 0x000000070d600000| PB 0x000000070d600000| Untracked |  0
| 108|0x000000070d800000, 0x000000070d800000, 0x000000070da00000|  0%| F|  |TAMS 0x000000070d800000| PB 0x000000070d800000| Untracked |  0
| 109|0x000000070da00000, 0x000000070da00000, 0x000000070dc00000|  0%| F|  |TAMS 0x000000070da00000| PB 0x000000070da00000| Untracked |  0
| 110|0x000000070dc00000, 0x000000070dc00000, 0x000000070de00000|  0%| F|  |TAMS 0x000000070dc00000| PB 0x000000070dc00000| Untracked |  0
| 111|0x000000070de00000, 0x000000070de00000, 0x000000070e000000|  0%| F|  |TAMS 0x000000070de00000| PB 0x000000070de00000| Untracked |  0
| 112|0x000000070e000000, 0x000000070e000000, 0x000000070e200000|  0%| F|  |TAMS 0x000000070e000000| PB 0x000000070e000000| Untracked |  0
| 113|0x000000070e200000, 0x000000070e200000, 0x000000070e400000|  0%| F|  |TAMS 0x000000070e200000| PB 0x000000070e200000| Untracked |  0
| 114|0x000000070e400000, 0x000000070e400000, 0x000000070e600000|  0%| F|  |TAMS 0x000000070e400000| PB 0x000000070e400000| Untracked |  0
| 115|0x000000070e600000, 0x000000070e600000, 0x000000070e800000|  0%| F|  |TAMS 0x000000070e600000| PB 0x000000070e600000| Untracked |  0
| 116|0x000000070e800000, 0x000000070e800000, 0x000000070ea00000|  0%| F|  |TAMS 0x000000070e800000| PB 0x000000070e800000| Untracked |  0
| 117|0x000000070ea00000, 0x000000070ebf0c08, 0x000000070ec00000| 97%| E|  |TAMS 0x000000070ea00000| PB 0x000000070ea00000| Complete |  0
| 118|0x000000070ec00000, 0x000000070ee00000, 0x000000070ee00000|100%| E|CS|TAMS 0x000000070ec00000| PB 0x000000070ec00000| Complete |  0
| 119|0x000000070ee00000, 0x000000070f000000, 0x000000070f000000|100%| E|CS|TAMS 0x000000070ee00000| PB 0x000000070ee00000| Complete |  0
| 120|0x000000070f000000, 0x000000070f200000, 0x000000070f200000|100%| E|CS|TAMS 0x000000070f000000| PB 0x000000070f000000| Complete |  0
| 121|0x000000070f200000, 0x000000070f400000, 0x000000070f400000|100%| E|CS|TAMS 0x000000070f200000| PB 0x000000070f200000| Complete |  0
| 122|0x000000070f400000, 0x000000070f600000, 0x000000070f600000|100%| E|CS|TAMS 0x000000070f400000| PB 0x000000070f400000| Complete |  0
| 123|0x000000070f600000, 0x000000070f800000, 0x000000070f800000|100%| E|CS|TAMS 0x000000070f600000| PB 0x000000070f600000| Complete |  0
| 124|0x000000070f800000, 0x000000070fa00000, 0x000000070fa00000|100%| E|CS|TAMS 0x000000070f800000| PB 0x000000070f800000| Complete |  0
| 125|0x000000070fa00000, 0x000000070fc00000, 0x000000070fc00000|100%| E|CS|TAMS 0x000000070fa00000| PB 0x000000070fa00000| Complete |  0
| 126|0x000000070fc00000, 0x000000070fe00000, 0x000000070fe00000|100%| E|CS|TAMS 0x000000070fc00000| PB 0x000000070fc00000| Complete |  0
| 127|0x000000070fe00000, 0x0000000710000000, 0x0000000710000000|100%| E|CS|TAMS 0x000000070fe00000| PB 0x000000070fe00000| Complete |  0

Card table byte_map: [0x000000010510d000,0x000000010590d000] _byte_map_base: 0x000000010190d000

Marking Bits: (CMBitMap*) 0x00007fd39b832610
 Bits: [0x000000012079b000, 0x000000012479b000)

Polling page: 0x00000001046b6000

Metaspace:
Metaspace        used 11090K, committed 11520K, reserved 1114112K
 class space     used 1086K, committed 1280K, reserved 1048576K

Usage:
  Non-class:      9.77 MB used.
      Class:      1.06 MB used.
       Both:     10.83 MB used.

Virtual space:
  Non-class space:       64.00 MB reserved,      10.00 MB ( 16%) committed,  1 nodes.
      Class space:        1.00 GB reserved,       1.25 MB ( <1%) committed,  1 nodes.
             Both:        1.06 GB reserved,      11.25 MB (  1%) committed. 

Chunk freelists:
   Non-Class:  5.94 MB
       Class:  14.80 MB
        Both:  20.74 MB

MaxMetaspaceSize: unlimited
CompressedClassSpaceSize: 1.00 GB
Initial GC threshold: 21.00 MB
Current GC threshold: 21.00 MB
CDS: off
 - commit_granule_bytes: 65536.
 - commit_granule_words: 8192.
 - virtual_space_node_default_size: 8388608.
 - enlarge_chunks_in_place: 1.
UseCompressedClassPointers 1, UseCompactObjectHeaders 0
Narrow klass pointer bits 32, Max shift 3
Narrow klass base: 0x0000000000000000, Narrow klass shift: 3
Encoding Range: [0x0000000000000000 - 0x0000000800000000), (34359738368 bytes)
Klass Range:    [0x0000000142000000 - 0x0000000182000000), (1073741824 bytes)
Klass ID Range:  [675282944 - 809500672) (134217728)
No protection zone.


Internal statistics:

num_allocs_failed_limit: 0.
num_arena_births: 524.
num_arena_deaths: 0.
num_vsnodes_births: 2.
num_vsnodes_deaths: 0.
num_space_committed: 180.
num_space_uncommitted: 0.
num_chunks_returned_to_freelist: 0.
num_chunks_taken_from_freelist: 664.
num_chunk_merges: 0.
num_chunk_splits: 426.
num_chunks_enlarged: 217.
num_inconsistent_stats: 0.

CodeHeap 'non-profiled nmethods': size=119168Kb used=391Kb max_used=391Kb free=118776Kb
 bounds [0x000000011933b000, 0x00000001195ab000, 0x000000012079b000]
CodeHeap 'profiled nmethods': size=119168Kb used=1561Kb max_used=1561Kb free=117606Kb
 bounds [0x000000011179a000, 0x0000000111a0a000, 0x0000000118bfa000]
CodeHeap 'non-nmethods': size=7428Kb used=3141Kb max_used=3156Kb free=4286Kb
 bounds [0x0000000118bfa000, 0x0000000118f1a000, 0x000000011933b000]
CodeCache: size=245764Kb, used=5093Kb, max_used=5108Kb, free=240668Kb
 total_blobs=1763, nmethods=1242, adapters=404, full_count=0
Compilation: enabled, stopped_count=0, restarted_count=0

Compilation events (20 events):
Event: 0.935 Thread 0x00007fd39c963200 1232       3       java.util.Arrays::fill (28 bytes)
Event: 0.935 Thread 0x00007fd39b077000 1233       3       jdk.internal.classfile.impl.DirectCodeBuilder::ldc (23 bytes)
Event: 0.935 Thread 0x00007fd39b065c00 1234       3       jdk.internal.classfile.impl.BytecodeHelpers::ldcOpcode (41 bytes)
Event: 0.935 Thread 0x00007fd39c963200 nmethod 1232 0x0000000111907e88 code [0x0000000111907f80, 0x00000001119082d8]
Event: 0.935 Thread 0x00007fd39c963200 1235       3       jdk.internal.classfile.impl.DirectCodeBuilder::writeDirectLoadConstant (77 bytes)
Event: 0.935 Thread 0x00007fd39b065c00 nmethod 1234 0x0000000111908308 code [0x0000000111908400, 0x00000001119087e0]
Event: 0.936 Thread 0x00007fd39b065c00 1236       3       java.lang.invoke.LambdaFormBuffer::indexOf (33 bytes)
Event: 0.936 Thread 0x00007fd39b077000 nmethod 1233 0x0000000111908808 code [0x0000000111908900, 0x0000000111909110]
Event: 0.936 Thread 0x00007fd39c963200 nmethod 1235 0x0000000111909188 code [0x0000000111909280, 0x00000001119099e8]
Event: 0.936 Thread 0x00007fd39b065c00 nmethod 1236 0x0000000111909a08 code [0x0000000111909b00, 0x0000000111909e88]
Event: 0.936 Thread 0x00007fd39b077000 1237       3       jdk.internal.classfile.impl.StackMapGenerator$Frame::popStack (35 bytes)
Event: 0.936 Thread 0x00007fd39b077000 nmethod 1237 0x0000000111909f08 code [0x000000011190a000, 0x000000011190a230]
Event: 0.942 Thread 0x00007fd39f80a400 nmethod 1215 0x000000011939b888 code [0x000000011939b980, 0x000000011939c228]
Event: 0.942 Thread 0x00007fd39f80a400 1240       4       jdk.internal.classfile.impl.SplitConstantPool::utf8Entry (6 bytes)
Event: 0.942 Thread 0x00007fd39f80a400 nmethod 1240 0x000000011939c288 code [0x000000011939c380, 0x000000011939c420]
Event: 0.948 Thread 0x00007fd39f9c5c00 nmethod 1201 0x000000011190a288 code [0x000000011190a380, 0x00000001119206f0]
Event: 1.036 Thread 0x00007fd39f80a400 1241       4       java.lang.StringBuilder::append (8 bytes)
Event: 1.039 Thread 0x00007fd39c963200 1242       1       java.util.stream.Node::getChildCount (2 bytes)
Event: 1.040 Thread 0x00007fd39f80a400 nmethod 1241 0x000000011939c588 code [0x000000011939c680, 0x000000011939cb00]
Event: 1.040 Thread 0x00007fd39c963200 nmethod 1242 0x000000011939cb08 code [0x000000011939cc00, 0x000000011939ccc0]

GC Heap Usage History (0 events):
No events

Metaspace Usage History (0 events):
No events

Dll operation events (6 events):
Event: 0.010 Loaded shared library /Users/chaos/Library/Java/JavaVirtualMachines/temurin-25.0.3/Contents/Home/lib/libjava.dylib
Event: 0.135 Loaded shared library /Users/chaos/Library/Java/JavaVirtualMachines/temurin-25.0.3/Contents/Home/lib/libnio.dylib
Event: 0.148 Loaded shared library /Users/chaos/Library/Java/JavaVirtualMachines/temurin-25.0.3/Contents/Home/lib/libzip.dylib
Event: 0.346 Loaded shared library /usr/lib/libobjc.dylib
Event: 0.516 Loaded shared library /usr/lib/libobjc.dylib
Event: 0.731 Loaded shared library /System/Library/Frameworks/CoreFoundation.framework/CoreFoundation

Deoptimization events (20 events):
Event: 0.513 Thread 0x00007fd39b80ca00 Uncommon trap: trap_request=0xffffffd6 fr.pc=0x0000000119371be8 relative=0x0000000000000648
Event: 0.513 Thread 0x00007fd39b80ca00 Uncommon trap: reason=array_check action=maybe_recompile pc=0x0000000119371be8 method=jdk.internal.classfile.impl.SplitConstantPool.internalAdd(Ljava/lang/classfile/constantpool/PoolEntry;I)Ljava/lang/classfile/constantpool/PoolEntry; @ 46 c2
Event: 0.513 Thread 0x00007fd39b80ca00 DEOPT PACKING pc=0x0000000119371be8 sp=0x00007ff7bb907050
Event: 0.513 Thread 0x00007fd39b80ca00 DEOPT UNPACKING pc=0x0000000118d193f9 sp=0x00007ff7bb907000 mode 2
Event: 0.513 Thread 0x00007fd39b80ca00 Uncommon trap: trap_request=0xffffffd6 fr.pc=0x0000000119371be8 relative=0x0000000000000648
Event: 0.513 Thread 0x00007fd39b80ca00 Uncommon trap: reason=array_check action=maybe_recompile pc=0x0000000119371be8 method=jdk.internal.classfile.impl.SplitConstantPool.internalAdd(Ljava/lang/classfile/constantpool/PoolEntry;I)Ljava/lang/classfile/constantpool/PoolEntry; @ 46 c2
Event: 0.513 Thread 0x00007fd39b80ca00 DEOPT PACKING pc=0x0000000119371be8 sp=0x00007ff7bb907050
Event: 0.513 Thread 0x00007fd39b80ca00 DEOPT UNPACKING pc=0x0000000118d193f9 sp=0x00007ff7bb907000 mode 2
Event: 0.513 Thread 0x00007fd39b80ca00 Uncommon trap: trap_request=0xffffffd6 fr.pc=0x0000000119371be8 relative=0x0000000000000648
Event: 0.513 Thread 0x00007fd39b80ca00 Uncommon trap: reason=array_check action=maybe_recompile pc=0x0000000119371be8 method=jdk.internal.classfile.impl.SplitConstantPool.internalAdd(Ljava/lang/classfile/constantpool/PoolEntry;I)Ljava/lang/classfile/constantpool/PoolEntry; @ 46 c2
Event: 0.513 Thread 0x00007fd39b80ca00 DEOPT PACKING pc=0x0000000119371be8 sp=0x00007ff7bb906dc0
Event: 0.513 Thread 0x00007fd39b80ca00 DEOPT UNPACKING pc=0x0000000118d193f9 sp=0x00007ff7bb906d70 mode 2
Event: 0.513 Thread 0x00007fd39b80ca00 Uncommon trap: trap_request=0xffffffd6 fr.pc=0x0000000119371be8 relative=0x0000000000000648
Event: 0.513 Thread 0x00007fd39b80ca00 Uncommon trap: reason=array_check action=maybe_recompile pc=0x0000000119371be8 method=jdk.internal.classfile.impl.SplitConstantPool.internalAdd(Ljava/lang/classfile/constantpool/PoolEntry;I)Ljava/lang/classfile/constantpool/PoolEntry; @ 46 c2
Event: 0.513 Thread 0x00007fd39b80ca00 DEOPT PACKING pc=0x0000000119371be8 sp=0x00007ff7bb906dc0
Event: 0.513 Thread 0x00007fd39b80ca00 DEOPT UNPACKING pc=0x0000000118d193f9 sp=0x00007ff7bb906d70 mode 2
Event: 0.923 Thread 0x00007fd39b80ca00 Uncommon trap: trap_request=0xffffff45 fr.pc=0x0000000119394798 relative=0x00000000000042d8
Event: 0.923 Thread 0x00007fd39b80ca00 Uncommon trap: reason=unstable_if action=reinterpret pc=0x0000000119394798 method=jdk.internal.classfile.impl.StackMapGenerator.processBlock(Ljdk/internal/classfile/impl/RawBytecodeHelper;)Z @ 56 c2
Event: 0.923 Thread 0x00007fd39b80ca00 DEOPT PACKING pc=0x0000000119394798 sp=0x00007ff7bb904da0
Event: 0.923 Thread 0x00007fd39b80ca00 DEOPT UNPACKING pc=0x0000000118d193f9 sp=0x00007ff7bb904d38 mode 2

Classes loaded (20 events):
Event: 0.921 Loading class jdk/internal/classfile/impl/AbstractPoolEntry$LongEntryImpl
Event: 0.921 Loading class java/lang/classfile/constantpool/LongEntry
Event: 0.922 Loading class java/lang/classfile/constantpool/ConstantValueEntry
Event: 0.922 Loading class java/lang/classfile/constantpool/ConstantValueEntry done
Event: 0.922 Loading class java/lang/classfile/constantpool/LongEntry done
Event: 0.922 Loading class jdk/internal/classfile/impl/AbstractPoolEntry$LongEntryImpl done
Event: 0.928 Loading class jdk/internal/reflect/MethodHandleLongFieldAccessorImpl
Event: 0.928 Loading class jdk/internal/reflect/MethodHandleFieldAccessorImpl
Event: 0.928 Loading class jdk/internal/reflect/FieldAccessorImpl
Event: 0.928 Loading class jdk/internal/reflect/FieldAccessor
Event: 0.928 Loading class jdk/internal/reflect/FieldAccessor done
Event: 0.928 Loading class jdk/internal/reflect/FieldAccessorImpl done
Event: 0.928 Loading class jdk/internal/reflect/MethodHandleFieldAccessorImpl done
Event: 0.928 Loading class jdk/internal/reflect/MethodHandleLongFieldAccessorImpl done
Event: 1.039 Loading class jdk/internal/foreign/ConfinedSession
Event: 1.040 Loading class jdk/internal/foreign/ConfinedSession done
Event: 1.040 Loading class jdk/internal/foreign/ConfinedSession$ConfinedResourceList
Event: 1.040 Loading class jdk/internal/foreign/MemorySessionImpl$ResourceList
Event: 1.040 Loading class jdk/internal/foreign/MemorySessionImpl$ResourceList done
Event: 1.040 Loading class jdk/internal/foreign/ConfinedSession$ConfinedResourceList done

Classes unloaded (0 events):
No events

Classes redefined (0 events):
No events

Internal exceptions (20 events):
Event: 0.739 Thread 0x00007fd39b80ca00 Exception <a 'java/lang/NoSuchMethodError'{0x000000070eee9cd8}: 'long java.lang.invoke.DirectMethodHandle$Holder.invokeSpecial(java.lang.Object, java.lang.Object, long)'> (0x000000070eee9cd8) 
thrown [src/hotspot/share/interpreter/linkResolver.cpp, line 804]
Event: 0.743 Thread 0x00007fd39b80ca00 Exception <a 'java/lang/NoSuchMethodError'{0x000000070ef1ebb0}: 'java.lang.Object java.lang.invoke.DirectMethodHandle$Holder.invokeStaticInit(java.lang.Object, java.lang.Object, java.lang.Object, java.lang.Object, long, int, long, java.lang.Object, java.lang.Object)'> (0x000000070ef1ebb0) 
thrown [src/hotspot/share/interpreter/linkResolver.cpp, line 804]
Event: 0.744 Thread 0x00007fd39b80ca00 Exception <a 'java/lang/NoSuchMethodError'{0x000000070ef2f538}: 'java.lang.Object java.lang.invoke.DelegatingMethodHandle$Holder.reinvoke_L(java.lang.Object, java.lang.Object, java.lang.Object, java.lang.Object, long, int, long, java.lang.Object, java.lang.Object)'> (0x000000070ef2f538) 
thrown [src/hotspot/share/interpreter/linkResolver.cpp, line 804]
Event: 0.747 Thread 0x00007fd39b80ca00 Exception <a 'java/lang/NoSuchMethodError'{0x000000070ef5af58}: 'java.lang.Object java.lang.invoke.DirectMethodHandle$Holder.invokeSpecial(java.lang.Object, java.lang.Object, java.lang.Object, long, int, long, java.lang.Object, java.lang.Object)'> (0x000000070ef5af58) 
thrown [src/hotspot/share/interpreter/linkResolver.cpp, line 804]
Event: 0.749 Thread 0x00007fd39b80ca00 Exception <a 'java/lang/NoSuchMethodError'{0x000000070ef7be40}: 'void java.lang.invoke.Invokers$Holder.invokeExact_MT(java.lang.Object, java.lang.Object, java.lang.Object, java.lang.Object, java.lang.Object)'> (0x000000070ef7be40) 
thrown [src/hotspot/share/interpreter/linkResolver.cpp, line 804]
Event: 0.755 Thread 0x00007fd39b80ca00 Exception <a 'java/lang/NoSuchMethodError'{0x000000070efb8518}: 'java.lang.Object java.lang.invoke.DirectMethodHandle$Holder.invokeStaticInit(java.lang.Object, java.lang.Object, java.lang.Object, java.lang.Object, double, double, long, long, java.lang.Object, java.lang.Object)'> (0x000000070efb8518) 
thrown [src/hotspot/share/interpreter/linkResolver.cpp, line 804]
Event: 0.756 Thread 0x00007fd39b80ca00 Exception <a 'java/lang/NoSuchMethodError'{0x000000070efc8f78}: 'java.lang.Object java.lang.invoke.DelegatingMethodHandle$Holder.reinvoke_L(java.lang.Object, java.lang.Object, java.lang.Object, java.lang.Object, double, double, long, long, java.lang.Object, java.lang.Object)'> (0x000000070efc8f78) 
thrown [src/hotspot/share/interpreter/linkResolver.cpp, line 804]
Event: 0.759 Thread 0x00007fd39b80ca00 Exception <a 'java/lang/NoSuchMethodError'{0x000000070ec064c0}: 'void java.lang.invoke.DirectMethodHandle$Holder.invokeStatic(java.lang.Object, java.lang.Object, java.lang.Object)'> (0x000000070ec064c0) 
thrown [src/hotspot/share/interpreter/linkResolver.cpp, line 804]
Event: 0.761 Thread 0x00007fd39b80ca00 Exception <a 'java/lang/NoSuchMethodError'{0x000000070ec18278}: 'void java.lang.invoke.DirectMethodHandle$Holder.invokeStatic(java.lang.Object, java.lang.Object, long, long)'> (0x000000070ec18278) 
thrown [src/hotspot/share/interpreter/linkResolver.cpp, line 804]
Event: 0.762 Thread 0x00007fd39b80ca00 Exception <a 'java/lang/NoSuchMethodError'{0x000000070ec28588}: 'void java.lang.invoke.DelegatingMethodHandle$Holder.reinvoke_L(java.lang.Object, java.lang.Object, long, long)'> (0x000000070ec28588) 
thrown [src/hotspot/share/interpreter/linkResolver.cpp, line 804]
Event: 0.762 Thread 0x00007fd39b80ca00 Exception <a 'java/lang/NoSuchMethodError'{0x000000070ec38330}: 'void java.lang.invoke.Invokers$Holder.exactInvoker(java.lang.Object, java.lang.Object, long, long)'> (0x000000070ec38330) 
thrown [src/hotspot/share/interpreter/linkResolver.cpp, line 804]
Event: 0.763 Thread 0x00007fd39b80ca00 Exception <a 'java/lang/NoSuchMethodError'{0x000000070ec40808}: 'void java.lang.invoke.DelegatingMethodHandle$Holder.delegate(java.lang.Object, java.lang.Object, long, long)'> (0x000000070ec40808) 
thrown [src/hotspot/share/interpreter/linkResolver.cpp, line 804]
Event: 0.766 Thread 0x00007fd39b80ca00 Exception <a 'java/lang/NoSuchMethodError'{0x000000070ec664e8}: 'void java.lang.invoke.DirectMethodHandle$Holder.invokeStaticInit(java.lang.Object, java.lang.Object, java.lang.Object, java.lang.Object, java.lang.Object)'> (0x000000070ec664e8) 
thrown [src/hotspot/share/interpreter/linkResolver.cpp, line 804]
Event: 0.766 Thread 0x00007fd39b80ca00 Exception <a 'java/lang/NoSuchMethodError'{0x000000070ec6e9a0}: 'void java.lang.invoke.DirectMethodHandle$Holder.invokeSpecial(java.lang.Object, java.lang.Object, java.lang.Object, java.lang.Object, java.lang.Object, java.lang.Object)'> (0x000000070ec6e9a0) 
thrown [src/hotspot/share/interpreter/linkResolver.cpp, line 804]
Event: 0.924 Thread 0x00007fd39b80ca00 Exception <a 'java/lang/NoSuchMethodError'{0x000000070eaea628}: 'java.lang.Object java.lang.invoke.DirectMethodHandle$Holder.invokeStaticInit(java.lang.Object, java.lang.Object, java.lang.Object, java.lang.Object, java.lang.Object, java.lang.Object, long, long, int)'> (0x000000070eaea628) 
thrown [src/hotspot/share/interpreter/linkResolver.cpp, line 804]
Event: 0.925 Thread 0x00007fd39b80ca00 Exception <a 'java/lang/NoSuchMethodError'{0x000000070eafdd90}: 'java.lang.Object java.lang.invoke.DelegatingMethodHandle$Holder.reinvoke_L(java.lang.Object, java.lang.Object, java.lang.Object, java.lang.Object, java.lang.Object, java.lang.Object, long, long, int)'> (0x000000070eafdd90) 
thrown [src/hotspot/share/interpreter/linkResolver.cpp, line 804]
Event: 0.928 Thread 0x00007fd39b80ca00 Exception <a 'java/lang/NoSuchMethodError'{0x000000070eb29fc8}: 'long java.lang.invoke.DelegatingMethodHandle$Holder.reinvoke_L(java.lang.Object, java.lang.Object)'> (0x000000070eb29fc8) 
thrown [src/hotspot/share/interpreter/linkResolver.cpp, line 804]
Event: 0.930 Thread 0x00007fd39b80ca00 Exception <a 'java/lang/NoSuchMethodError'{0x000000070eb424c8}: 'void java.lang.invoke.DelegatingMethodHandle$Holder.reinvoke_L(java.lang.Object, java.lang.Object, long)'> (0x000000070eb424c8) 
thrown [src/hotspot/share/interpreter/linkResolver.cpp, line 804]
Event: 0.931 Thread 0x00007fd39b80ca00 Exception <a 'java/lang/NoSuchMethodError'{0x000000070eb528e0}: 'long java.lang.invoke.Invokers$Holder.invokeExact_MT(java.lang.Object, java.lang.Object, java.lang.Object)'> (0x000000070eb528e0) 
thrown [src/hotspot/share/interpreter/linkResolver.cpp, line 804]
Event: 0.932 Thread 0x00007fd39b80ca00 Exception <a 'java/lang/NoSuchMethodError'{0x000000070eb5c0e0}: 'java.lang.Object java.lang.invoke.Invokers$Holder.invoker(java.lang.Object, java.lang.Object, java.lang.Object, java.lang.Object, java.lang.Object, java.lang.Object, java.lang.Object, java.lang.Object)'> (0x000000070eb5c0e0) 
thrown [src/hotspot/share/interpreter/linkResolver.cpp, line 804]

VM Operations (6 events):
Event: 0.271 Executing non-safepoint VM operation: HandshakeAllThreads (Deoptimize)
Event: 0.271 Executing non-safepoint VM operation: HandshakeAllThreads (Deoptimize) done
Event: 0.488 Executing non-safepoint VM operation: HandshakeAllThreads (Deoptimize)
Event: 0.488 Executing non-safepoint VM operation: HandshakeAllThreads (Deoptimize) done
Event: 0.922 Executing non-safepoint VM operation: HandshakeAllThreads (Deoptimize)
Event: 0.922 Executing non-safepoint VM operation: HandshakeAllThreads (Deoptimize) done

Memory protections (17 events):
Event: 0.007 Protecting memory [0x00007ff7bb10e000,0x00007ff7bb112000] with protection modes 0
Event: 0.068 Protecting memory [0x000070000f743000,0x000070000f747000] with protection modes 0
Event: 0.068 Protecting memory [0x000070000f846000,0x000070000f84a000] with protection modes 0
Event: 0.070 Protecting memory [0x000070000f949000,0x000070000f94d000] with protection modes 0
Event: 0.070 Protecting memory [0x000070000fa4c000,0x000070000fa50000] with protection modes 0
Event: 0.070 Protecting memory [0x000070000fb4f000,0x000070000fb53000] with protection modes 0
Event: 0.070 Protecting memory [0x000070000fc52000,0x000070000fc56000] with protection modes 0
Event: 0.070 Protecting memory [0x000070000fd55000,0x000070000fd59000] with protection modes 0
Event: 0.109 Protecting memory [0x000070000fe58000,0x000070000fe5c000] with protection modes 0
Event: 0.116 Protecting memory [0x000070000ff5b000,0x000070000ff5f000] with protection modes 0
Event: 0.120 Protecting memory [0x000070001005e000,0x0000700010062000] with protection modes 0
Event: 0.191 Protecting memory [0x0000700010161000,0x0000700010165000] with protection modes 0
Event: 0.546 Protecting memory [0x0000700010264000,0x0000700010268000] with protection modes 0
Event: 0.549 Protecting memory [0x0000700010367000,0x000070001036b000] with protection modes 0
Event: 0.685 Protecting memory [0x0000700010161000,0x0000700010165000] with protection modes 3
Event: 0.743 Protecting memory [0x0000700010161000,0x0000700010165000] with protection modes 0
Event: 0.891 Protecting memory [0x0000700010161000,0x0000700010165000] with protection modes 3

Nmethod flushes (0 events):
No events

Events (17 events):
Event: 0.014 Thread 0x00007fd39b80ca00 Thread added: 0x00007fd39b80ca00
Event: 0.068 Thread 0x00007fd39b80ca00 Thread added: 0x00007fd39c80e000
Event: 0.068 Thread 0x00007fd39b80ca00 Thread added: 0x00007fd39b059400
Event: 0.070 Thread 0x00007fd39b80ca00 Thread added: 0x00007fd39b05c400
Event: 0.070 Thread 0x00007fd39b80ca00 Thread added: 0x00007fd39b05cc00
Event: 0.070 Thread 0x00007fd39b80ca00 Thread added: 0x00007fd39b05d400
Event: 0.070 Thread 0x00007fd39b80ca00 Thread added: 0x00007fd39f80a400
Event: 0.070 Thread 0x00007fd39b80ca00 Thread added: 0x00007fd39b065c00
Event: 0.109 Thread 0x00007fd39b065c00 Thread added: 0x00007fd39b077000
Event: 0.116 Thread 0x00007fd39b80ca00 Thread added: 0x00007fd39b86ba00
Event: 0.120 Thread 0x00007fd39b80ca00 Thread added: 0x00007fd39c80e800
Event: 0.191 Thread 0x00007fd39f80a400 Thread added: 0x00007fd39b0b6600
Event: 0.546 Thread 0x00007fd39b077000 Thread added: 0x00007fd39f9c5c00
Event: 0.549 Thread 0x00007fd39b065c00 Thread added: 0x00007fd39c963200
Event: 0.685 Thread 0x00007fd39b0b6600 Thread exited: 0x00007fd39b0b6600
Event: 0.743 Thread 0x00007fd39b077000 Thread added: 0x00007fd39c976000
Event: 0.891 Thread 0x00007fd39c976000 Thread exited: 0x00007fd39c976000


Dynamic libraries:
0x0000000104630000 	/Users/chaos/Library/Java/JavaVirtualMachines/temurin-25.0.3/Contents/Home/lib/libjli.dylib
0x00007ff82149a000 	/System/Library/Frameworks/ApplicationServices.framework/Versions/A/ApplicationServices
0x00007ff80a8ce000 	/System/Library/Frameworks/CoreGraphics.framework/Versions/A/CoreGraphics
0x00007ff8069ce000 	/System/Library/Frameworks/CoreText.framework/Versions/A/CoreText
0x00007ff8110a6000 	/System/Library/Frameworks/ImageIO.framework/Versions/A/ImageIO
0x00007ff80b1e9000 	/System/Library/Frameworks/ColorSync.framework/Versions/A/ColorSync
0x00007ff81841c000 	/System/Library/Frameworks/ApplicationServices.framework/Versions/A/Frameworks/ATS.framework/Versions/A/ATS
0x00007ff81cb07000 	/System/Library/Frameworks/CoreServices.framework/Versions/A/CoreServices
0x00007ff80b391000 	/System/Library/Frameworks/ApplicationServices.framework/Versions/A/Frameworks/HIServices.framework/Versions/A/HIServices
0x00007ff816af7000 	/System/Library/Frameworks/ApplicationServices.framework/Versions/A/Frameworks/PrintCore.framework/Versions/A/PrintCore
0x00007ff8187d3000 	/System/Library/Frameworks/ApplicationServices.framework/Versions/A/Frameworks/QD.framework/Versions/A/QD
0x00007ff8187cf000 	/System/Library/Frameworks/ApplicationServices.framework/Versions/A/Frameworks/ColorSyncLegacy.framework/Versions/A/ColorSyncLegacy
0x00007ff8183f1000 	/System/Library/Frameworks/ApplicationServices.framework/Versions/A/Frameworks/SpeechSynthesis.framework/Versions/A/SpeechSynthesis
0x00007ff814000000 	/usr/lib/libSystem.B.dylib
0x00007ff80a374000 	/System/Library/PrivateFrameworks/SkyLight.framework/Versions/A/SkyLight
0x00007ff80bc94000 	/System/Library/PrivateFrameworks/ProtocolBuffer.framework/Versions/A/ProtocolBuffer
0x00007ff814005000 	/System/Library/PrivateFrameworks/SoftLinking.framework/Versions/A/SoftLinking
0x00007ff8077ad000 	/usr/lib/libicucore.A.dylib
0x00007ff80da18000 	/System/Library/PrivateFrameworks/CoreAnalytics.framework/Versions/A/CoreAnalytics
0x00007ff810aa7000 	/System/Library/PrivateFrameworks/FontServices.framework/libFontParser.dylib
0x00007ff81cd7f000 	/System/Library/Frameworks/Accelerate.framework/Versions/A/Accelerate
0x00007ff8105ca000 	/System/Library/Frameworks/IOSurface.framework/Versions/A/IOSurface
0x00007ff80e9cb000 	/usr/lib/libxml2.2.dylib
0x00007ff809f08000 	/System/Library/Frameworks/CFNetwork.framework/Versions/A/CFNetwork
0x00007ff80406a000 	/System/Library/Frameworks/CoreFoundation.framework/Versions/A/CoreFoundation
0x00007ff8052f5000 	/System/Library/Frameworks/Foundation.framework/Versions/C/Foundation
0x00007ff813f15000 	/usr/lib/libz.1.dylib
0x00007ff803bce000 	/usr/lib/libobjc.A.dylib
0x00007ff803f43000 	/usr/lib/libc++.1.dylib
0x00007ff8073af000 	/System/Library/Frameworks/Security.framework/Versions/A/Security
0x00007ffc0437e000 	/System/Library/PrivateFrameworks/CollectionsInternal.framework/Versions/A/CollectionsInternal
0x00007ff817b76000 	/usr/lib/swift/libswiftCore.dylib
0x00007ff90f6c4000 	/usr/lib/swift/libswiftCoreFoundation.dylib
0x00007ff81eb43000 	/usr/lib/swift/libswiftDispatch.dylib
0x00007ff90f719000 	/usr/lib/swift/libswiftIOKit.dylib
0x00007ff821a34000 	/usr/lib/swift/libswiftObjectiveC.dylib
0x00007ff90f6d4000 	/usr/lib/swift/libswiftXPC.dylib
0x00007ffe0d23a000 	/usr/lib/swift/libswift_Builtin_float.dylib
0x00007ffc013a5000 	/System/Library/PrivateFrameworks/BiomeLibrary.framework/Versions/A/BiomeLibrary
0x00007ff80bf45000 	/System/Library/PrivateFrameworks/BaseBoard.framework/Versions/A/BaseBoard
0x00007ff81ee90000 	/System/Library/PrivateFrameworks/BoardServices.framework/Versions/A/BoardServices
0x00007ff820d73000 	/System/Library/PrivateFrameworks/BackBoardServices.framework/Versions/A/BackBoardServices
0x00007ffc012b7000 	/System/Library/PrivateFrameworks/BackBoardHIDEventFoundation.framework/Versions/A/BackBoardHIDEventFoundation
0x00007ff80eaac000 	/System/Library/Frameworks/CoreVideo.framework/Versions/A/CoreVideo
0x00007ff80da46000 	/usr/lib/libDiagnosticMessagesClient.dylib
0x00007ff8064d8000 	/System/Library/Frameworks/CoreDisplay.framework/Versions/A/CoreDisplay
0x00007ff81314b000 	/usr/lib/libbsm.0.dylib
0x00007ff81632a000 	/System/Library/Frameworks/VideoToolbox.framework/Versions/A/VideoToolbox
0x00007ff8141f2000 	/System/Library/Frameworks/MetalPerformanceShaders.framework/Versions/A/MetalPerformanceShaders
0x00007ff812e15000 	/System/Library/PrivateFrameworks/IOMobileFramebuffer.framework/Versions/A/IOMobileFramebuffer
0x00007ffd0f693000 	/System/Library/PrivateFrameworks/ProDisplayLibrary.framework/Versions/A/ProDisplayLibrary
0x00007ff902291000 	/System/Library/PrivateFrameworks/IOSurfaceAccelerator.framework/Versions/A/IOSurfaceAccelerator
0x00007ff80c037000 	/System/Library/PrivateFrameworks/RunningBoardServices.framework/Versions/A/RunningBoardServices
0x00007ff804f8d000 	/System/Library/Frameworks/SystemConfiguration.framework/Versions/A/SystemConfiguration
0x00007ff8105ee000 	/System/Library/Frameworks/Metal.framework/Versions/A/Metal
0x00007ff8105e5000 	/System/Library/PrivateFrameworks/IOAccelerator.framework/Versions/A/IOAccelerator
0x00007ff8108ff000 	/System/Library/Frameworks/CoreMedia.framework/Versions/A/CoreMedia
0x00007ff80a352000 	/System/Library/PrivateFrameworks/TCC.framework/Versions/A/TCC
0x00007ff80a2be000 	/usr/lib/libMobileGestalt.dylib
0x00007ff8162e3000 	/System/Library/PrivateFrameworks/WatchdogClient.framework/Versions/A/WatchdogClient
0x00007ff80e211000 	/System/Library/Frameworks/QuartzCore.framework/Versions/A/QuartzCore
0x00007ff807dde000 	/System/Library/Frameworks/IOKit.framework/Versions/A/IOKit
0x00007ff8141fa000 	/usr/lib/libcompression.dylib
0x00007ff8162e5000 	/System/Library/PrivateFrameworks/MultitouchSupport.framework/Versions/A/MultitouchSupport
0x00007ffa0813f000 	/usr/lib/swift/libswiftAccelerate.dylib
0x00007ff90f6aa000 	/usr/lib/swift/libswiftCoreAudio.dylib
0x00007ffa0c17d000 	/usr/lib/swift/libswiftCoreMedia.dylib
0x00007ff91d987000 	/usr/lib/swift/libswiftMetal.dylib
0x00007ffa0d96d000 	/usr/lib/swift/libswiftOSLog.dylib
0x00007ffa035fe000 	/usr/lib/swift/libswiftQuartzCore.dylib
0x00007ffa08130000 	/usr/lib/swift/libswiftUniformTypeIdentifiers.dylib
0x00007ffe0d223000 	/usr/lib/swift/libswiftVideoToolbox.dylib
0x00007ff821a38000 	/usr/lib/swift/libswiftos.dylib
0x00007ff9133f9000 	/usr/lib/swift/libswiftsimd.dylib
0x00007ff91e9a3000 	/System/Library/PrivateFrameworks/BiomeStreams.framework/Versions/A/BiomeStreams
0x00007ffa055d8000 	/System/Library/PrivateFrameworks/BiomeStorage.framework/Versions/A/BiomeStorage
0x00007ff91a796000 	/System/Library/PrivateFrameworks/BiomeFoundation.framework/Versions/A/BiomeFoundation
0x00007ffc1c1a3000 	/System/Library/PrivateFrameworks/IntelligencePlatformLibrary.framework/Versions/A/IntelligencePlatformLibrary
0x00007ff80bcb0000 	/usr/lib/libsqlite3.dylib
0x00007ffd0e675000 	/System/Library/PrivateFrameworks/PoirotSchematizer.framework/Versions/A/PoirotSchematizer
0x00007ffc01d75000 	/System/Library/PrivateFrameworks/BiomeSync.framework/Versions/A/BiomeSync
0x00007ffc0138c000 	/System/Library/PrivateFrameworks/BiomeDSL.framework/Versions/A/BiomeDSL
0x00007ffa05575000 	/System/Library/PrivateFrameworks/BiomePubSub.framework/Versions/A/BiomePubSub
0x00007ff90f58c000 	/System/Library/PrivateFrameworks/LoggingSupport.framework/Versions/A/LoggingSupport
0x00007ff822a7c000 	/System/Library/PrivateFrameworks/ProactiveSupport.framework/Versions/A/ProactiveSupport
0x00007ffa1df0d000 	/System/Library/PrivateFrameworks/FeatureFlags.framework/Versions/A/FeatureFlags
0x00007ffa164ee000 	/System/Library/PrivateFrameworks/InternalSwiftProtobuf.framework/Versions/A/InternalSwiftProtobuf
0x00007ffd0e6ea000 	/System/Library/PrivateFrameworks/PoirotUDFs.framework/Versions/A/PoirotUDFs
0x00007ffe0d35a000 	/usr/lib/swift/libswift_StringProcessing.dylib
0x00007ff813ffa000 	/usr/lib/system/libcache.dylib
0x00007ff813fb3000 	/usr/lib/system/libcommonCrypto.dylib
0x00007ff813fdc000 	/usr/lib/system/libcompiler_rt.dylib
0x00007ff813fd0000 	/usr/lib/system/libcopyfile.dylib
0x00007ff803d57000 	/usr/lib/system/libcorecrypto.dylib
0x00007ff803e70000 	/usr/lib/system/libdispatch.dylib
0x00007ff803c13000 	/usr/lib/system/libdyld.dylib
0x00007ff813ff0000 	/usr/lib/system/libkeymgr.dylib
0x00007ff813f98000 	/usr/lib/system/libmacho.dylib
0x00007ff813126000 	/usr/lib/system/libquarantine.dylib
0x00007ff813fed000 	/usr/lib/system/libremovefile.dylib
0x00007ff80a33a000 	/usr/lib/system/libsystem_asl.dylib
0x00007ff803ce0000 	/usr/lib/system/libsystem_blocks.dylib
0x00007ff803ebb000 	/usr/lib/system/libsystem_c.dylib
0x00007ff813fe4000 	/usr/lib/system/libsystem_collections.dylib
0x00007ff811a01000 	/usr/lib/system/libsystem_configuration.dylib
0x00007ff810593000 	/usr/lib/system/libsystem_containermanager.dylib
0x00007ff813a37000 	/usr/lib/system/libsystem_coreservices.dylib
0x00007ff807a64000 	/usr/lib/system/libsystem_darwin.dylib
0x00007ffe0d550000 	/usr/lib/system/libsystem_darwindirectory.dylib
0x00007ff813ff1000 	/usr/lib/system/libsystem_dnssd.dylib
0x00007ffe0d555000 	/usr/lib/system/libsystem_eligibility.dylib
0x00007ff803eb8000 	/usr/lib/system/libsystem_featureflags.dylib
0x00007ff80403b000 	/usr/lib/system/libsystem_info.dylib
0x00007ff813f29000 	/usr/lib/system/libsystem_m.dylib
0x00007ff803e1e000 	/usr/lib/system/libsystem_malloc.dylib
0x00007ff80a2a3000 	/usr/lib/system/libsystem_networkextension.dylib
0x00007ff807eac000 	/usr/lib/system/libsystem_notify.dylib
0x00007ff811a05000 	/usr/lib/system/libsystem_sandbox.dylib
0x00007ffe0d55f000 	/usr/lib/system/libsystem_sanitizers.dylib
0x00007ff813fe9000 	/usr/lib/system/libsystem_secinit.dylib
0x00007ff803fe6000 	/usr/lib/system/libsystem_kernel.dylib
0x00007ff804031000 	/usr/lib/system/libsystem_platform.dylib
0x00007ff804025000 	/usr/lib/system/libsystem_pthread.dylib
0x00007ff80c123000 	/usr/lib/system/libsystem_symptoms.dylib
0x00007ff803d37000 	/usr/lib/system/libsystem_trace.dylib
0x00007ffe0d568000 	/usr/lib/system/libsystem_trial.dylib
0x00007ff813fbf000 	/usr/lib/system/libunwind.dylib
0x00007ff803ce4000 	/usr/lib/system/libxpc.dylib
0x00007ff803fce000 	/usr/lib/libc++abi.dylib
0x00007ffe0b71c000 	/usr/lib/libRosetta.dylib
0x00007ffe0ce12000 	/usr/lib/libswiftPrespecialized.dylib
0x00007ff80e982000 	/System/Library/PrivateFrameworks/CoreAutoLayout.framework/Versions/A/CoreAutoLayout
0x00007ff814002000 	/usr/lib/libfakelink.dylib
0x00007ff80db3b000 	/System/Library/Frameworks/DiskArbitration.framework/Versions/A/DiskArbitration
0x00007ff814053000 	/usr/lib/libarchive.2.dylib
0x00007ff811a12000 	/usr/lib/liblangid.dylib
0x00007ff81a5ab000 	/System/Library/Frameworks/Combine.framework/Versions/A/Combine
0x00007ffd10627000 	/System/Library/PrivateFrameworks/ReflectionInternal.framework/Versions/A/ReflectionInternal
0x00007ffd11403000 	/System/Library/PrivateFrameworks/RuntimeInternal.framework/Versions/A/RuntimeInternal
0x00007ff90c75e000 	/usr/lib/swift/libswiftDarwin.dylib
0x00007ffe0d20c000 	/usr/lib/swift/libswiftSystem.dylib
0x00007ffe0d23b000 	/usr/lib/swift/libswift_Concurrency.dylib
0x00007ffe0d2aa000 	/usr/lib/swift/libswift_DarwinFoundation1.dylib
0x00007ff807d5e000 	/System/Library/PrivateFrameworks/CoreServicesInternal.framework/Versions/A/CoreServicesInternal
0x00007ff813fc8000 	/usr/lib/liboah.dylib
0x00007ff820f54000 	/System/Library/PrivateFrameworks/DiskImages.framework/Versions/A/DiskImages
0x00007ff90c202000 	/System/Library/Frameworks/NetFS.framework/Versions/A/NetFS
0x00007ff80e949000 	/System/Library/Frameworks/CoreServices.framework/Versions/A/Frameworks/FSEvents.framework/Versions/A/FSEvents
0x00007ff807a6f000 	/System/Library/Frameworks/CoreServices.framework/Versions/A/Frameworks/CarbonCore.framework/Versions/A/CarbonCore
0x00007ff80dab1000 	/System/Library/Frameworks/CoreServices.framework/Versions/A/Frameworks/Metadata.framework/Versions/A/Metadata
0x00007ff813a3e000 	/System/Library/Frameworks/CoreServices.framework/Versions/A/Frameworks/OSServices.framework/Versions/A/OSServices
0x00007ff81412e000 	/System/Library/Frameworks/CoreServices.framework/Versions/A/Frameworks/SearchKit.framework/Versions/A/SearchKit
0x00007ff80c0a0000 	/System/Library/Frameworks/CoreServices.framework/Versions/A/Frameworks/AE.framework/Versions/A/AE
0x00007ff804527000 	/System/Library/Frameworks/CoreServices.framework/Versions/A/Frameworks/LaunchServices.framework/Versions/A/LaunchServices
0x00007ff81552e000 	/System/Library/Frameworks/CoreServices.framework/Versions/A/Frameworks/DictionaryServices.framework/Versions/A/DictionaryServices
0x00007ff80e957000 	/System/Library/Frameworks/CoreServices.framework/Versions/A/Frameworks/SharedFileList.framework/Versions/A/SharedFileList
0x00007ff8141b0000 	/usr/lib/libapple_nghttp2.dylib
0x00007ff80bea1000 	/System/Library/Frameworks/Accounts.framework/Versions/A/Accounts
0x00007ff82118e000 	/System/Library/PrivateFrameworks/AppSupport.framework/Versions/A/AppSupport
0x00007ff90e4f1000 	/System/Library/Frameworks/AVFoundation.framework/Versions/A/AVFoundation
0x00007ff818809000 	/System/Library/Frameworks/GSS.framework/Versions/A/GSS
0x00007ff816c28000 	/System/Library/PrivateFrameworks/InternationalSupport.framework/Versions/A/InternationalSupport
0x00007ff8219ba000 	/System/Library/PrivateFrameworks/StreamingZip.framework/Versions/A/StreamingZip
0x00007ff80a2bd000 	/usr/lib/libenergytrace.dylib
0x00007ff80c12b000 	/System/Library/Frameworks/Network.framework/Versions/A/Network
0x00007ff813f9c000 	/usr/lib/system/libkxld.dylib
0x00007ffb1ff8c000 	/System/Library/PrivateFrameworks/AppleKeyStore.framework/Versions/A/AppleKeyStore
0x00007ffe0b498000 	/usr/lib/libCoreEntitlements.dylib
0x00007ffd05cb2000 	/System/Library/PrivateFrameworks/MessageSecurity.framework/Versions/A/MessageSecurity
0x00007ff81dbe3000 	/System/Library/PrivateFrameworks/SymptomDiagnosticReporter.framework/Versions/A/SymptomDiagnosticReporter
0x00007ff81586e000 	/System/Library/PrivateFrameworks/CrashReporterSupport.framework/Versions/A/CrashReporterSupport
0x00007ff813a1e000 	/System/Library/PrivateFrameworks/AppleFSCompression.framework/Versions/A/AppleFSCompression
0x00007ff813133000 	/usr/lib/libcoretls.dylib
0x00007ff81559c000 	/usr/lib/libcoretls_cfhelpers.dylib
0x00007ff8141f4000 	/usr/lib/libpam.2.dylib
0x00007ff815619000 	/usr/lib/libxar.1.dylib
0x00007ff81559e000 	/System/Library/PrivateFrameworks/APFS.framework/Versions/A/APFS
0x00007ffd1ba42000 	/System/Library/PrivateFrameworks/SwiftASN1Internal.framework/Versions/A/SwiftASN1Internal
0x00007ff815627000 	/usr/lib/libutil.dylib
0x00007ff811a0d000 	/System/Library/PrivateFrameworks/AppleSystemInfo.framework/Versions/A/AppleSystemInfo
0x00007ff8208de000 	/System/Library/PrivateFrameworks/CoreWiFi.framework/Versions/A/CoreWiFi
0x00007ff818861000 	/System/Library/PrivateFrameworks/MobileAsset.framework/Versions/A/MobileAsset
0x00007ff81dbf2000 	/System/Library/PrivateFrameworks/PowerLog.framework/Versions/A/PowerLog
0x00007ff81f41f000 	/System/Library/PrivateFrameworks/Rapport.framework/Versions/A/Rapport
0x00007ffb19472000 	/System/Library/Frameworks/SwiftData.framework/Versions/A/SwiftData
0x00007ff8098fb000 	/System/Library/Frameworks/UniformTypeIdentifiers.framework/Versions/A/UniformTypeIdentifiers
0x00007ff80eb60000 	/System/Library/PrivateFrameworks/UserManagement.framework/Versions/A/UserManagement
0x00007ff809e23000 	/usr/lib/libboringssl.dylib
0x00007ff80c111000 	/usr/lib/libdns_services.dylib
0x00007ff90e62b000 	/usr/lib/libquic.dylib
0x00007ff817b00000 	/usr/lib/libusrtcp.dylib
0x00007ffb20de0000 	/System/Library/PrivateFrameworks/AtomicsInternal.framework/Versions/A/AtomicsInternal
0x00007ffe0d06a000 	/usr/lib/swift/libswiftDistributed.dylib
0x00007ffe0d08e000 	/usr/lib/swift/libswiftObservation.dylib
0x00007ffe0d1f8000 	/usr/lib/swift/libswiftSynchronization.dylib
0x00007ff811a0c000 	/System/Library/PrivateFrameworks/AggregateDictionary.framework/Versions/A/AggregateDictionary
0x00007ff80b809000 	/System/Library/Frameworks/CoreData.framework/Versions/A/CoreData
0x00007ffb1b266000 	/System/Library/Frameworks/_LocationEssentials.framework/Versions/A/_LocationEssentials
0x00007ff81557d000 	/usr/lib/liblzma.5.dylib
0x00007ff81303a000 	/System/Library/PrivateFrameworks/MobileKeyBag.framework/Versions/A/MobileKeyBag
0x00007ff82149b000 	/System/Library/PrivateFrameworks/InternationalTextSearch.framework/Versions/A/InternationalTextSearch
0x00007ff916f26000 	/System/Library/PrivateFrameworks/SoftwareUpdateCoreSupport.framework/Versions/A/SoftwareUpdateCoreSupport
0x00007ff91f34d000 	/System/Library/PrivateFrameworks/SoftwareUpdateCoreConnect.framework/Versions/A/SoftwareUpdateCoreConnect
0x00007ff82103e000 	/System/Library/PrivateFrameworks/RemoteServiceDiscovery.framework/Versions/A/RemoteServiceDiscovery
0x00007ff916aee000 	/System/Library/PrivateFrameworks/MSUDataAccessor.framework/Versions/A/MSUDataAccessor
0x00007ff91191a000 	/usr/lib/libbootpolicy.dylib
0x00007ff821055000 	/System/Library/PrivateFrameworks/RemoteXPC.framework/Versions/A/RemoteXPC
0x00007ff91e852000 	/usr/lib/libFDR.dylib
0x00007ffa051a0000 	/usr/lib/libamsupport.dylib
0x00007ffb1f75e000 	/System/Library/PrivateFrameworks/AppleDeviceQuerySupport.framework/Versions/A/AppleDeviceQuerySupport
0x00007ffa0834a000 	/usr/lib/libpartition2_dynamic.dylib
0x00007ff81418e000 	/System/Library/PrivateFrameworks/AppleSauce.framework/Versions/A/AppleSauce
0x00007ffe0b31c000 	/usr/lib/libAppleArchive.dylib
0x00007ff813a29000 	/usr/lib/libbz2.1.0.dylib
0x00007ff80db43000 	/System/Library/Frameworks/Accelerate.framework/Versions/A/Frameworks/vImage.framework/Versions/A/vImage
0x00007ff81cadd000 	/System/Library/Frameworks/Accelerate.framework/Versions/A/Frameworks/vecLib.framework/Versions/A/vecLib
0x00007ff81565b000 	/System/Library/Frameworks/Accelerate.framework/Versions/A/Frameworks/vecLib.framework/Versions/A/libvMisc.dylib
0x00007ff804a41000 	/System/Library/Frameworks/Accelerate.framework/Versions/A/Frameworks/vecLib.framework/Versions/A/libBLAS.dylib
0x00007ffb0f71a000 	/System/Library/Frameworks/OpenGL.framework/Versions/A/OpenGL
0x00007ffc12c62000 	/System/Library/PrivateFrameworks/GPUCompiler.framework/Versions/32023/Libraries/libllvm-flatbuffers.dylib
0x00007ffc0d54c000 	/System/Library/PrivateFrameworks/FramePacing.framework/Versions/A/FramePacing
0x00007ffb0f70d000 	/System/Library/Frameworks/OpenGL.framework/Versions/A/Libraries/libCoreFSCache.dylib
0x00007ffc0e4b3000 	/System/Library/PrivateFrameworks/GPUCompiler.framework/Versions/32023/Libraries/libGPUCompilerUtils.dylib
0x00007ffb0f76b000 	/System/Library/Frameworks/OpenGL.framework/Versions/A/Libraries/libGLU.dylib
0x00007ffb0f72d000 	/System/Library/Frameworks/OpenGL.framework/Versions/A/Libraries/libGFXShared.dylib
0x00007ffb0f92c000 	/System/Library/Frameworks/OpenGL.framework/Versions/A/Libraries/libGL.dylib
0x00007ffb0f736000 	/System/Library/Frameworks/OpenGL.framework/Versions/A/Libraries/libGLImage.dylib
0x00007ffb0f72a000 	/System/Library/Frameworks/OpenGL.framework/Versions/A/Libraries/libCVMSPluginSupport.dylib
0x00007ffb0f715000 	/System/Library/Frameworks/OpenGL.framework/Versions/A/Libraries/libCoreVMClient.dylib
0x00007ff812bf3000 	/System/Library/Frameworks/Accelerate.framework/Versions/A/Frameworks/vecLib.framework/Versions/A/libvDSP.dylib
0x00007ff8142dc000 	/System/Library/Frameworks/Accelerate.framework/Versions/A/Frameworks/vecLib.framework/Versions/A/libLAPACK.dylib
0x00007ff8131b9000 	/System/Library/Frameworks/Accelerate.framework/Versions/A/Frameworks/vecLib.framework/Versions/A/libLinearAlgebra.dylib
0x00007ff8141ca000 	/System/Library/Frameworks/Accelerate.framework/Versions/A/Frameworks/vecLib.framework/Versions/A/libSparseBLAS.dylib
0x00007ff8142d6000 	/System/Library/Frameworks/Accelerate.framework/Versions/A/Frameworks/vecLib.framework/Versions/A/libQuadrature.dylib
0x00007ff811b28000 	/System/Library/Frameworks/Accelerate.framework/Versions/A/Frameworks/vecLib.framework/Versions/A/libBNNS.dylib
0x00007ff804dba000 	/System/Library/Frameworks/Accelerate.framework/Versions/A/Frameworks/vecLib.framework/Versions/A/libSparse.dylib
0x00007ffc1df84000 	/System/Library/PrivateFrameworks/MIL.framework/Versions/A/MIL
0x00007ffa0223a000 	/System/Library/PrivateFrameworks/OSAnalytics.framework/Versions/A/OSAnalytics
0x00007ffc0b502000 	/System/Library/PrivateFrameworks/DeviceRecovery.framework/Versions/A/DeviceRecovery
0x00007ff81f2b1000 	/System/Library/PrivateFrameworks/CoreSymbolication.framework/Versions/A/CoreSymbolication
0x00007ffa11a18000 	/System/Library/PrivateFrameworks/Symbolication.framework/Versions/A/Symbolication
0x00007ff81f293000 	/System/Library/PrivateFrameworks/DebugSymbols.framework/Versions/A/DebugSymbols
0x00007ff90f621000 	/System/Library/PrivateFrameworks/MallocStackLogging.framework/Versions/A/MallocStackLogging
0x00007ffe0d2b0000 	/usr/lib/swift/libswift_RegexParser.dylib
0x00007ff81a66a000 	/System/Library/PrivateFrameworks/GeoServices.framework/Versions/A/GeoServices
0x00007ff818110000 	/System/Library/PrivateFrameworks/LocationSupport.framework/Versions/A/LocationSupport
0x00007ff81dad1000 	/System/Library/Frameworks/CoreBluetooth.framework/Versions/A/CoreBluetooth
0x00007ffc1616d000 	/System/Library/PrivateFrameworks/GeoServicesCore.framework/Versions/A/GeoServicesCore
0x00007ff908564000 	/System/Library/PrivateFrameworks/PhoneNumbers.framework/Versions/A/PhoneNumbers
0x00007ff8189db000 	/System/Library/PrivateFrameworks/CorePhoneNumbers.framework/Versions/A/CorePhoneNumbers
0x00007ff81403b000 	/usr/lib/libiconv.2.dylib
0x00007ff813f97000 	/usr/lib/libcharset.1.dylib
0x00007ffb140df000 	/System/Library/Frameworks/ExtensionFoundation.framework/Versions/A/ExtensionFoundation
0x00007ff815d58000 	/System/Library/PrivateFrameworks/AppServerSupport.framework/Versions/A/AppServerSupport
0x00007ffd0a752000 	/System/Library/PrivateFrameworks/OSEligibility.framework/Versions/A/OSEligibility
0x00007ff815b57000 	/System/Library/PrivateFrameworks/IconServices.framework/Versions/A/IconServices
0x00007ffb15293000 	/System/Library/Frameworks/LightweightCodeRequirements.framework/Versions/A/LightweightCodeRequirements
0x00007ff8159bf000 	/System/Library/PrivateFrameworks/PlugInKit.framework/Versions/A/PlugInKit
0x00007ff813050000 	/System/Library/PrivateFrameworks/AssertionServices.framework/Versions/A/AssertionServices
0x00007ff8160cd000 	/System/Library/PrivateFrameworks/AppleJPEG.framework/Versions/A/AppleJPEG
0x00007ff815ad1000 	/usr/lib/libexpat.1.dylib
0x00007ff8169c1000 	/System/Library/Frameworks/ImageIO.framework/Versions/A/Resources/libPng.dylib
0x00007ff8169ef000 	/System/Library/Frameworks/ImageIO.framework/Versions/A/Resources/libTIFF.dylib
0x00007ff816ae0000 	/System/Library/Frameworks/ImageIO.framework/Versions/A/Resources/libGIF.dylib
0x00007ff816119000 	/System/Library/Frameworks/ImageIO.framework/Versions/A/Resources/libJP2.dylib
0x00007ff8157cf000 	/usr/lib/libate.dylib
0x00007ff816a81000 	/System/Library/Frameworks/ImageIO.framework/Versions/A/Resources/libJPEG.dylib
0x00007ff816a78000 	/System/Library/Frameworks/ImageIO.framework/Versions/A/Resources/libRadiance.dylib
0x00007ffe0d2ae000 	/usr/lib/swift/libswift_DarwinFoundation2.dylib
0x00007ffe0d2af000 	/usr/lib/swift/libswift_DarwinFoundation3.dylib
0x00007ff815af6000 	/System/Library/PrivateFrameworks/IconFoundation.framework/Versions/A/IconFoundation
0x00007ffc19336000 	/System/Library/PrivateFrameworks/IconRendering.framework/Versions/A/IconRendering
0x00007ff80e645000 	/System/Library/PrivateFrameworks/CoreUI.framework/Versions/A/CoreUI
0x00007ff8113ec000 	/System/Library/Frameworks/CoreImage.framework/Versions/A/CoreImage
0x00007ffd115a2000 	/System/Library/PrivateFrameworks/SFSymbols.framework/Versions/A/SFSymbols
0x00007ffb13fbc000 	/System/Library/Frameworks/DeveloperToolsSupport.framework/Versions/A/DeveloperToolsSupport
0x00007ff90699b000 	/System/Library/PrivateFrameworks/RenderBox.framework/Versions/A/RenderBox
0x00007ff81106b000 	/System/Library/PrivateFrameworks/CoreSVG.framework/Versions/A/CoreSVG
0x00007ff816b6a000 	/System/Library/PrivateFrameworks/TextureIO.framework/Versions/A/TextureIO
0x00007ff90f718000 	/usr/lib/swift/libswiftCoreImage.dylib
0x00007ffb10d7e000 	/System/Library/Frameworks/OpenCL.framework/Versions/A/OpenCL
0x00007ff815d01000 	/System/Library/PrivateFrameworks/GraphVisualizer.framework/Versions/A/GraphVisualizer
0x00007ffc0d457000 	/System/Library/PrivateFrameworks/FontServices.framework/Versions/A/FontServices
0x00007ff815d14000 	/System/Library/PrivateFrameworks/OTSVG.framework/Versions/A/OTSVG
0x00007ff80e5f8000 	/System/Library/Frameworks/ApplicationServices.framework/Versions/A/Frameworks/ATS.framework/Versions/A/Resources/libFontRegistry.dylib
0x00007ffe0c43e000 	/usr/lib/libhvf.dylib
0x00007ffd0b297000 	/System/Library/PrivateFrameworks/ParsingInternal.framework/Versions/A/ParsingInternal
0x00007ffc0d45b000 	/System/Library/PrivateFrameworks/FontServices.framework/libXTFontStaticRegistryData.dylib
0x00007ff81193f000 	/System/Library/Frameworks/MetalPerformanceShaders.framework/Versions/A/Frameworks/MPSCore.framework/Versions/A/MPSCore
0x00007ff813979000 	/System/Library/Frameworks/MetalPerformanceShaders.framework/Versions/A/Frameworks/MPSImage.framework/Versions/A/MPSImage
0x00007ff8131ce000 	/System/Library/Frameworks/MetalPerformanceShaders.framework/Versions/A/Frameworks/MPSNeuralNetwork.framework/Versions/A/MPSNeuralNetwork
0x00007ff813717000 	/System/Library/Frameworks/MetalPerformanceShaders.framework/Versions/A/Frameworks/MPSMatrix.framework/Versions/A/MPSMatrix
0x00007ff8134cd000 	/System/Library/Frameworks/MetalPerformanceShaders.framework/Versions/A/Frameworks/MPSRayIntersector.framework/Versions/A/MPSRayIntersector
0x00007ff813756000 	/System/Library/Frameworks/MetalPerformanceShaders.framework/Versions/A/Frameworks/MPSNDArray.framework/Versions/A/MPSNDArray
0x00007ffb160f9000 	/System/Library/Frameworks/MetalPerformanceShaders.framework/Versions/A/Frameworks/MPSFunctions.framework/Versions/A/MPSFunctions
0x00007ffb160d9000 	/System/Library/Frameworks/MetalPerformanceShaders.framework/Versions/A/Frameworks/MPSBenchmarkLoop.framework/Versions/A/MPSBenchmarkLoop
0x00007ffb1610e000 	/System/Library/Frameworks/MetalPerformanceShaders.framework/Versions/A/Frameworks/MPSHost.framework/Versions/A/MPSHost
0x00007ff80484c000 	/System/Library/PrivateFrameworks/MetalTools.framework/Versions/A/MetalTools
0x00007ff914c61000 	/System/Library/PrivateFrameworks/IOAccelMemoryInfo.framework/Versions/A/IOAccelMemoryInfo
0x00007ffa03a0a000 	/System/Library/PrivateFrameworks/kperf.framework/Versions/A/kperf
0x00007ff90f6a6000 	/System/Library/PrivateFrameworks/GPURawCounter.framework/Versions/A/GPURawCounter
0x00007ffd0e239000 	/System/Library/PrivateFrameworks/PhotosensitivityProcessing.framework/Versions/A/PhotosensitivityProcessing
0x00007ff816ab2000 	/System/Library/Frameworks/ApplicationServices.framework/Versions/A/Frameworks/ATSUI.framework/Versions/A/ATSUI
0x00007ff818196000 	/System/Library/Frameworks/AudioToolbox.framework/Versions/A/AudioToolbox
0x00007ff813d4b000 	/System/Library/Frameworks/UserNotifications.framework/Versions/A/UserNotifications
0x00007ff9152d3000 	/System/Library/PrivateFrameworks/SiriInstrumentation.framework/Versions/A/SiriInstrumentation
0x00007ffd136b5000 	/System/Library/PrivateFrameworks/SiriAnalytics.framework/Versions/A/SiriAnalytics
0x00007ff912a53000 	/System/Library/PrivateFrameworks/FeedbackLogger.framework/Versions/A/FeedbackLogger
0x00007ffa0dc19000 	/usr/lib/swift/libswiftAVFoundation.dylib
0x00007ffe016b8000 	/System/Library/PrivateFrameworks/UnifiedAssetFramework.framework/Versions/A/UnifiedAssetFramework
0x00007ff806601000 	/System/Library/PrivateFrameworks/AudioToolboxCore.framework/Versions/A/AudioToolboxCore
0x00007ff81835d000 	/System/Library/PrivateFrameworks/AudioSession.framework/Versions/A/AudioSession
0x00007ff9016ad000 	/System/Library/Frameworks/CoreMIDI.framework/Versions/A/CoreMIDI
0x00007ff8183d8000 	/usr/lib/libAudioStatistics.dylib
0x00007ff8108da000 	/System/Library/PrivateFrameworks/caulk.framework/Versions/A/caulk
0x00007ff806c09000 	/System/Library/Frameworks/CoreAudio.framework/Versions/A/CoreAudio
0x00007ff81699f000 	/usr/lib/libAudioToolboxUtility.dylib
0x00007ff91633c000 	/usr/lib/swift/libswiftCoreMIDI.dylib
0x00007ff8187dd000 	/System/Library/PrivateFrameworks/perfdata.framework/Versions/A/perfdata
0x00007ff90e713000 	/System/Library/PrivateFrameworks/SystemPolicy.framework/Versions/A/SystemPolicy
0x00007ff818680000 	/usr/lib/libSMC.dylib
0x00007ff8187eb000 	/usr/lib/libperfcheck.dylib
0x00007ffb20ea5000 	/System/Library/PrivateFrameworks/AudioAnalytics.framework/Versions/A/AudioAnalytics
0x00007ffa161e4000 	/System/Library/Frameworks/OSLog.framework/Versions/A/OSLog
0x00007ff90f651000 	/usr/lib/libmis.dylib
0x00007ff81f415000 	/System/Library/PrivateFrameworks/CoreTime.framework/Versions/A/CoreTime
0x00007ff815c1c000 	/System/Library/PrivateFrameworks/MediaExperience.framework/Versions/A/MediaExperience
0x00007ff818147000 	/System/Library/PrivateFrameworks/AudioSession.framework/libSessionUtility.dylib
0x00007ff816ae6000 	/System/Library/PrivateFrameworks/CMCaptureCore.framework/Versions/A/CMCaptureCore
0x00007ff815d66000 	/usr/lib/libspindump.dylib
0x00007ff812ecd000 	/System/Library/PrivateFrameworks/CoreUtils.framework/Versions/A/CoreUtils
0x00007ff9076ca000 	/System/Library/PrivateFrameworks/HID.framework/Versions/A/HID
0x00007ffc0a973000 	/System/Library/PrivateFrameworks/CoreUtilsExtras.framework/Versions/A/CoreUtilsExtras
0x00007ffc19284000 	/System/Library/PrivateFrameworks/IO80211.framework/Versions/A/IO80211
0x00007ff81a30c000 	/System/Library/Frameworks/IOBluetooth.framework/Versions/A/IOBluetooth
0x00007ff91d994000 	/usr/lib/swift/libswiftCompression.dylib
0x00007ffe0d0aa000 	/usr/lib/swift/libswiftRegexBuilder.dylib
0x00007ff815865000 	/usr/lib/libIOReport.dylib
0x00007ffa1df8a000 	/System/Library/PrivateFrameworks/WiFiPeerToPeer.framework/Versions/A/WiFiPeerToPeer
0x00007ff81305d000 	/System/Library/Frameworks/SecurityFoundation.framework/Versions/A/SecurityFoundation
0x00007ff804cb4000 	/System/Library/PrivateFrameworks/Lexicon.framework/Versions/A/Lexicon
0x00007ffe0c89b000 	/usr/lib/libmrc.dylib
0x00007ffc192f6000 	/System/Library/PrivateFrameworks/IPConfiguration.framework/Versions/A/IPConfiguration
0x00007ffa1214b000 	/System/Library/PrivateFrameworks/Netrb.framework/Versions/A/Netrb
0x00007ff81edaf000 	/System/Library/PrivateFrameworks/FrontBoardServices.framework/Versions/A/FrontBoardServices
0x00007ff8131b6000 	/usr/lib/libgermantok.dylib
0x00007ff811b22000 	/System/Library/PrivateFrameworks/LinguisticData.framework/Versions/A/LinguisticData
0x00007ff81ef5c000 	/System/Library/PrivateFrameworks/GraphicsServices.framework/Versions/A/GraphicsServices
0x00007ff81dcd4000 	/System/Library/PrivateFrameworks/MediaKit.framework/Versions/A/MediaKit
0x00007ff81dc2e000 	/System/Library/Frameworks/DiscRecording.framework/Versions/A/DiscRecording
0x00007ff815aed000 	/usr/lib/libheimdal-asn1.dylib
0x00007ff821995000 	/System/Library/Frameworks/AudioUnit.framework/Versions/A/AudioUnit
0x00007ff80e916000 	/System/Library/Frameworks/OpenDirectory.framework/Versions/A/OpenDirectory
0x00007ff80e922000 	/System/Library/Frameworks/OpenDirectory.framework/Versions/A/Frameworks/CFOpenDirectory.framework/Versions/A/CFOpenDirectory
0x00007ffb127c3000 	/System/Library/Frameworks/AVFAudio.framework/Versions/A/AVFAudio
0x00007ffb128ff000 	/System/Library/Frameworks/AVRouting.framework/Versions/A/AVRouting
0x00007ff90865d000 	/usr/lib/libAccessibility.dylib
0x00007ffc1cb23000 	/System/Library/PrivateFrameworks/IsolatedCoreAudioClient.framework/Versions/A/IsolatedCoreAudioClient
0x00007ffd1f082000 	/System/Library/PrivateFrameworks/Tightbeam.framework/Versions/A/Tightbeam
0x00007ffc06955000 	/System/Library/PrivateFrameworks/CoreAudioOrchestration.framework/Versions/A/CoreAudioOrchestration
0x00007ffa0881c000 	/System/Library/PrivateFrameworks/AFKUser.framework/Versions/A/AFKUser
0x00007ff816fee000 	/System/Library/Frameworks/MediaToolbox.framework/Versions/A/MediaToolbox
0x00007ff81e1b1000 	/System/Library/PrivateFrameworks/CoreAVCHD.framework/Versions/A/CoreAVCHD
0x00007ff81cdcc000 	/System/Library/Frameworks/MediaAccessibility.framework/Versions/A/MediaAccessibility
0x00007ff81e1ad000 	/System/Library/PrivateFrameworks/Mangrove.framework/Versions/A/Mangrove
0x00007ffc0296b000 	/System/Library/PrivateFrameworks/CMPhoto.framework/Versions/A/CMPhoto
0x00007ff81e959000 	/System/Library/Frameworks/CoreTelephony.framework/Versions/A/CoreTelephony
0x00007ff81f15a000 	/System/Library/PrivateFrameworks/AppleVPA.framework/Versions/A/AppleVPA
0x00007ff81ddf2000 	/System/Library/PrivateFrameworks/CoreAUC.framework/Versions/A/CoreAUC
0x00007ffb1fc65000 	/System/Library/PrivateFrameworks/AppleJPEGXL.framework/Versions/A/AppleJPEGXL
0x00007ffe03518000 	/System/Library/PrivateFrameworks/VideoToolboxParavirtualizationSupport.framework/Versions/A/VideoToolboxParavirtualizationSupport
0x00007ff815a84000 	/System/Library/PrivateFrameworks/AppleVA.framework/Versions/A/AppleVA
0x00007ff8189ea000 	/usr/lib/libTelephonyUtilDynamic.dylib
0x00007ff816a71000 	/System/Library/PrivateFrameworks/GPUWrangler.framework/Versions/A/GPUWrangler
0x00007ff816a55000 	/System/Library/PrivateFrameworks/IOPresentment.framework/Versions/A/IOPresentment
0x00007ff816a7b000 	/System/Library/PrivateFrameworks/DSExternalDisplay.framework/Versions/A/DSExternalDisplay
0x00007ffa191b4000 	/System/Library/Frameworks/CryptoKit.framework/Versions/A/CryptoKit
0x00007ff821990000 	/System/Library/PrivateFrameworks/CryptoKitCBridging.framework/Versions/A/CryptoKitCBridging
0x00007ff81ef6c000 	/System/Library/Frameworks/CryptoTokenKit.framework/Versions/A/CryptoTokenKit
0x00007ffc0b022000 	/System/Library/PrivateFrameworks/Dendrite.framework/Versions/A/Dendrite
0x00007ff90f276000 	/System/Library/Frameworks/NaturalLanguage.framework/Versions/A/NaturalLanguage
0x00007ffc15ebc000 	/System/Library/PrivateFrameworks/GenerativeModels.framework/Versions/A/GenerativeModels
0x00007ffa1df18000 	/usr/lib/swift/libswiftNaturalLanguage.dylib
0x00007ffb20923000 	/System/Library/PrivateFrameworks/AppleMobileFileIntegrity.framework/Versions/A/AppleMobileFileIntegrity
0x00007ffe0b782000 	/usr/lib/libTLE.dylib
0x00007ffb07796000 	/System/Library/PrivateFrameworks/ConfigProfileHelper.framework/Versions/A/ConfigProfileHelper
0x00007ff821b11000 	/System/Library/PrivateFrameworks/Espresso.framework/Versions/A/Espresso
0x00007ff80f070000 	/System/Library/Frameworks/CoreML.framework/Versions/A/CoreML
0x00007ffa1bf93000 	/usr/lib/libedit.3.dylib
0x00007ffb07d7a000 	/System/Library/PrivateFrameworks/ANECompiler.framework/Versions/A/ANECompiler
0x00007ff9014d6000 	/System/Library/PrivateFrameworks/AppleNeuralEngine.framework/Versions/A/AppleNeuralEngine
0x00007ffb16115000 	/System/Library/Frameworks/MetalPerformanceShadersGraph.framework/Versions/A/MetalPerformanceShadersGraph
0x00007ffc1e756000 	/System/Library/PrivateFrameworks/MLCompilerServices.framework/Versions/A/MLCompilerServices
0x00007ff822a4a000 	/System/Library/PrivateFrameworks/ANEServices.framework/Versions/A/ANEServices
0x00007ff914c26000 	/usr/lib/libncurses.5.4.dylib
0x00007ff807ebe000 	/usr/lib/libsandbox.1.dylib
0x00007ff815a02000 	/usr/lib/libMatch.1.dylib
0x00007ffd0a50f000 	/System/Library/PrivateFrameworks/ODIE.framework/Versions/A/ODIE
0x00007ffd04025000 	/System/Library/PrivateFrameworks/MLModelAsset.framework/Versions/A/MLModelAsset
0x00007ffc1e6fc000 	/System/Library/PrivateFrameworks/MLCompilerRuntime.framework/Versions/A/MLCompilerRuntime
0x00007ff81352f000 	/System/Library/Frameworks/MLCompute.framework/Versions/A/MLCompute
0x00007ffc1e683000 	/System/Library/PrivateFrameworks/MLAssetIO.framework/Versions/A/MLAssetIO
0x00007ffe0d081000 	/usr/lib/swift/libswiftMLCompute.dylib
0x00007ff81eb58000 	/System/Library/PrivateFrameworks/AVFCore.framework/Versions/A/AVFCore
0x00007ff905f54000 	/System/Library/PrivateFrameworks/AVFCapture.framework/Versions/A/AVFCapture
0x00007ffc02814000 	/System/Library/PrivateFrameworks/CMImaging.framework/Versions/A/CMImaging
0x00007ff9061a3000 	/System/Library/PrivateFrameworks/Quagga.framework/Versions/A/Quagga
0x00007ff9062ce000 	/System/Library/PrivateFrameworks/CMCapture.framework/Versions/A/CMCapture
0x00007ff818571000 	/System/Library/Frameworks/CoreMediaIO.framework/Versions/A/CoreMediaIO
0x00007ffc0274c000 	/System/Library/PrivateFrameworks/CMCaptureDevice.framework/Versions/A/CMCaptureDevice
0x00007ff815e3a000 	/System/Library/PrivateFrameworks/CoreBrightness.framework/Versions/A/CoreBrightness
0x00007ffc0369b000 	/System/Library/PrivateFrameworks/CinematicFraming.framework/Versions/A/CinematicFraming
0x00007ffd06fa1000 	/System/Library/PrivateFrameworks/ModelManagerServices.framework/Versions/A/ModelManagerServices
0x00007ffd1c7dd000 	/System/Library/PrivateFrameworks/SystemStatus.framework/Versions/A/SystemStatus
0x00007ff90e10e000 	/System/Library/Frameworks/CoreMotion.framework/Versions/A/CoreMotion
0x00007ff91e91a000 	/System/Library/PrivateFrameworks/TimeSync.framework/Versions/A/TimeSync
0x00007ffc0b8e5000 	/System/Library/PrivateFrameworks/DistributedSensing.framework/Versions/A/DistributedSensing
0x00007ff919ab8000 	/System/Library/PrivateFrameworks/MobileBluetooth.framework/Versions/A/MobileBluetooth
0x00007ff92052b000 	/System/Library/PrivateFrameworks/IOKitten.framework/Versions/A/IOKitten
0x00007ffc1de74000 	/System/Library/PrivateFrameworks/LocationLogEncryption.framework/Versions/A/LocationLogEncryption
0x00007ffb1fb0d000 	/System/Library/PrivateFrameworks/AppleIntelligenceReporting.framework/Versions/A/AppleIntelligenceReporting
0x00007ffc031d4000 	/System/Library/PrivateFrameworks/CascadeSets.framework/Versions/A/CascadeSets
0x00007ff812de3000 	/System/Library/PrivateFrameworks/CoreEmoji.framework/Versions/A/CoreEmoji
0x00007ff805013000 	/usr/lib/libCRFSuite.dylib
0x00007ff80632f000 	/System/Library/PrivateFrameworks/LanguageModeling.framework/Versions/A/LanguageModeling
0x00007ff811a14000 	/System/Library/PrivateFrameworks/CoreNLP.framework/Versions/A/CoreNLP
0x00007ff80b4de000 	/System/Library/PrivateFrameworks/Montreal.framework/Versions/A/Montreal
0x00007ff814042000 	/usr/lib/libcmph.dylib
0x00007ff81315b000 	/usr/lib/libmecab.dylib
0x00007ff814186000 	/usr/lib/libThaiTokenizer.dylib
0x00007ffc15f7b000 	/System/Library/PrivateFrameworks/GenerativeModelsFoundation.framework/Versions/A/GenerativeModelsFoundation
0x00007ffd1f4fa000 	/System/Library/PrivateFrameworks/TokenGeneration.framework/Versions/A/TokenGeneration
0x00007ffc15dab000 	/System/Library/PrivateFrameworks/GenerativeFunctions.framework/Versions/A/GenerativeFunctions
0x00007ffc15dee000 	/System/Library/PrivateFrameworks/GenerativeFunctionsFoundation.framework/Versions/A/GenerativeFunctionsFoundation
0x00007ffd06c52000 	/System/Library/PrivateFrameworks/ModelCatalog.framework/Versions/A/ModelCatalog
0x00007ffd12a44000 	/System/Library/PrivateFrameworks/SensitiveContentAnalysisML.framework/Versions/A/SensitiveContentAnalysisML
0x00007ffc15e67000 	/System/Library/PrivateFrameworks/GenerativeFunctionsInstrumentation.framework/Versions/A/GenerativeFunctionsInstrumentation
0x00007ffd0fd6a000 	/System/Library/PrivateFrameworks/PromptKit.framework/Versions/A/PromptKit
0x00007ffd0f834000 	/System/Library/PrivateFrameworks/ProactiveDaemonSupport.framework/Versions/A/ProactiveDaemonSupport
0x00007ffd1f6cb000 	/System/Library/PrivateFrameworks/TokenGenerationCore.framework/Versions/A/TokenGenerationCore
0x00007ff9101ea000 	/System/Library/PrivateFrameworks/Trial.framework/Versions/A/Trial
0x00007ff91016c000 	/System/Library/PrivateFrameworks/TrialProto.framework/Versions/A/TrialProto
0x00007ffb1f7c6000 	/System/Library/PrivateFrameworks/AppleFlatBuffers.framework/Versions/A/AppleFlatBuffers
0x00007ffd12caa000 	/System/Library/PrivateFrameworks/SentencePieceInternal.framework/Versions/A/SentencePieceInternal
0x00007ff81ce20000 	/System/Library/Frameworks/Vision.framework/Versions/A/Vision
0x00007ffc0a687000 	/System/Library/PrivateFrameworks/CoreSceneUnderstanding.framework/Versions/A/CoreSceneUnderstanding
0x00007ffe04071000 	/System/Library/PrivateFrameworks/VisionCore.framework/Versions/A/VisionCore
0x00007ff816f32000 	/System/Library/PrivateFrameworks/DataDetectorsCore.framework/Versions/A/DataDetectorsCore
0x00007ff9187f6000 	/System/Library/Frameworks/Vision.framework/libfaceCore.dylib
0x00007ff919515000 	/System/Library/PrivateFrameworks/Futhark.framework/Versions/A/Futhark
0x00007ff91d743000 	/System/Library/PrivateFrameworks/InertiaCam.framework/Versions/A/InertiaCam
0x00007ff91927d000 	/System/Library/PrivateFrameworks/TextRecognition.framework/Versions/A/TextRecognition
0x00007ffb13fa7000 	/System/Library/Frameworks/DataDetection.framework/Versions/A/DataDetection
0x00007ff91363d000 	/System/Library/PrivateFrameworks/TextInput.framework/Versions/A/TextInput
0x00007ff8158a1000 	/System/Library/PrivateFrameworks/CVNLP.framework/Versions/A/CVNLP
0x00007ffb13b4b000 	/System/Library/Frameworks/CoreTransferable.framework/Versions/A/CoreTransferable
0x00007ff8187c4000 	/System/Library/PrivateFrameworks/NetAuth.framework/Versions/A/NetAuth
0x00007ff80eb20000 	/System/Library/PrivateFrameworks/login.framework/Versions/A/Frameworks/loginsupport.framework/Versions/A/loginsupport
0x00007ff809716000 	/System/Library/PrivateFrameworks/UIFoundation.framework/Versions/A/UIFoundation
0x00007ff815d6d000 	/System/Library/PrivateFrameworks/Heimdal.framework/Versions/A/Heimdal
0x00007ff81845e000 	/usr/lib/libresolv.9.dylib
0x00007ff818852000 	/System/Library/PrivateFrameworks/CommonAuth.framework/Versions/A/CommonAuth
0x00007ff813129000 	/usr/lib/libCheckFix.dylib
0x00007ff80da48000 	/System/Library/PrivateFrameworks/MetadataUtilities.framework/Versions/A/MetadataUtilities
0x00007ffc19c8f000 	/System/Library/PrivateFrameworks/InstalledContentLibrary.framework/Versions/A/InstalledContentLibrary
0x00007ff807da0000 	/System/Library/PrivateFrameworks/CoreServicesStore.framework/Versions/A/CoreServicesStore
0x00007ff80e97f000 	/usr/lib/libapp_launch_measurement.dylib
0x00007ffa03b14000 	/System/Library/PrivateFrameworks/MobileSystemServices.framework/Versions/A/MobileSystemServices
0x00007ff81562b000 	/usr/lib/libxslt.1.dylib
0x00007ff8130ec000 	/System/Library/PrivateFrameworks/BackgroundTaskManagement.framework/Versions/A/BackgroundTaskManagement
0x00007ff821104000 	/usr/lib/libcurl.4.dylib
0x00007ffe0c1e8000 	/usr/lib/libcrypto.46.dylib
0x00007ffe0cd9f000 	/usr/lib/libssl.48.dylib
0x00007ff820de4000 	/System/Library/Frameworks/LDAP.framework/Versions/A/LDAP
0x00007ff8187fa000 	/System/Library/Frameworks/Kerberos.framework/Versions/A/Kerberos
0x00007ff820e1e000 	/System/Library/PrivateFrameworks/TrustEvaluationAgent.framework/Versions/A/TrustEvaluationAgent
0x00007ff81847b000 	/usr/lib/libsasl2.2.dylib
0x00007ff821994000 	/System/Library/Frameworks/Kerberos.framework/Versions/A/Libraries/libHeimdalProxy.dylib
0x00007ffd0e640000 	/System/Library/PrivateFrameworks/PoirotSQLite.framework/Versions/A/PoirotSQLite
0x00007ffa166c1000 	/System/Library/PrivateFrameworks/HIDDisplay.framework/Versions/A/HIDDisplay
0x00007ff818761000 	/usr/lib/libcups.2.dylib
0x00007ff90856e000 	/System/Library/PrivateFrameworks/AXCoreUtilities.framework/Versions/A/AXCoreUtilities
0x00007ff918651000 	/System/Library/PrivateFrameworks/AttributeGraph.framework/Versions/A/AttributeGraph
0x00007ffe0b2e7000 	/usr/lib/libAXSafeCategoryBundle.dylib
0x00007ffb1a4a6000 	/System/Library/Frameworks/TabularData.framework/Versions/A/TabularData
0x00007ffb20ac4000 	/System/Library/PrivateFrameworks/ArgumentParserInternal.framework/Versions/A/ArgumentParserInternal
0x00007ff9018cb000 	/System/Library/Frameworks/Cocoa.framework/Versions/A/Cocoa
0x00007ff807f19000 	/System/Library/Frameworks/AppKit.framework/Versions/C/AppKit
0x00007ffc04357000 	/System/Library/PrivateFrameworks/CollectionViewCore.framework/Versions/A/CollectionViewCore
0x00007ff811066000 	/System/Library/PrivateFrameworks/XCTTargetBootstrap.framework/Versions/A/XCTTargetBootstrap
0x00007ff816f7c000 	/System/Library/PrivateFrameworks/UserActivity.framework/Versions/A/UserActivity
0x00007ffc0d55a000 	/System/Library/PrivateFrameworks/FrontBoard.framework/Versions/A/FrontBoard
0x00007ffd20f07000 	/System/Library/PrivateFrameworks/UIIntelligenceSupport.framework/Versions/A/UIIntelligenceSupport
0x00007ffb195d1000 	/System/Library/Frameworks/SwiftUICore.framework/Versions/A/SwiftUICore
0x00007ffe07510000 	/System/Library/PrivateFrameworks/WritingTools.framework/Versions/A/WritingTools
0x00007ffe06443000 	/System/Library/PrivateFrameworks/WindowManagement.framework/Versions/A/WindowManagement
0x00007ffc0d2ac000 	/System/Library/PrivateFrameworks/FocusEngine.framework/Versions/A/FocusEngine
0x00007ffc0b086000 	/System/Library/PrivateFrameworks/DesignLibrary.framework/Versions/A/DesignLibrary
0x00007ff811053000 	/System/Library/PrivateFrameworks/DFRFoundation.framework/Versions/A/DFRFoundation
0x00007ffe01e1f000 	/System/Library/PrivateFrameworks/UpdateCycle.framework/Versions/A/UpdateCycle
0x00007ff810d76000 	/System/Library/Frameworks/Carbon.framework/Versions/A/Frameworks/HIToolbox.framework/Versions/A/HIToolbox
0x00007ff81c6e8000 	/System/Library/Frameworks/Carbon.framework/Versions/A/Frameworks/SpeechRecognition.framework/Versions/A/SpeechRecognition
0x00007ff80e90b000 	/System/Library/PrivateFrameworks/PerformanceAnalysis.framework/Versions/A/PerformanceAnalysis
0x00007ff81ca7d000 	/System/Library/Frameworks/Accessibility.framework/Versions/A/Accessibility
0x00007ffb1a48d000 	/System/Library/Frameworks/Symbols.framework/Versions/A/Symbols
0x00007ffc16342000 	/System/Library/PrivateFrameworks/Gestures.framework/Versions/A/Gestures
0x00007ffe0d149000 	/usr/lib/swift/libswiftSpatial.dylib
0x00007ff90c75d000 	/usr/lib/swift/libswiftCoreGraphics.dylib
0x00007ff81d48c000 	/usr/lib/swift/libswiftFoundation.dylib
0x00007ffb07163000 	/usr/lib/swift/libswiftSwiftOnoneSupport.dylib
0x00007ffe0d3e3000 	/usr/lib/swift/libswiftsys_time.dylib
0x00007ffa12186000 	/System/Library/PrivateFrameworks/CoreMaterial.framework/Versions/A/CoreMaterial
0x00007ffe0b781000 	/usr/lib/libSpatial.dylib
0x00007ffe0b1ff000 	/System/Library/SubFrameworks/UIUtilities.framework/Versions/A/UIUtilities
0x0000000105b54000 	/Users/chaos/Library/Java/JavaVirtualMachines/temurin-25.0.3/Contents/Home/lib/server/libjvm.dylib
0x00000001046c9000 	/Users/chaos/Library/Java/JavaVirtualMachines/temurin-25.0.3/Contents/Home/lib/libjimage.dylib
0x000000010470b000 	/Users/chaos/Library/Java/JavaVirtualMachines/temurin-25.0.3/Contents/Home/lib/libjava.dylib
0x00000001059f2000 	/Users/chaos/Library/Java/JavaVirtualMachines/temurin-25.0.3/Contents/Home/lib/libnio.dylib
0x00000001059d2000 	/Users/chaos/Library/Java/JavaVirtualMachines/temurin-25.0.3/Contents/Home/lib/libnet.dylib
0x0000000105a3e000 	/Users/chaos/Library/Java/JavaVirtualMachines/temurin-25.0.3/Contents/Home/lib/libzip.dylib
0x00007ffb12a3c000 	/System/Library/Frameworks/AppIntents.framework/Versions/A/AppIntents
0x00007ffb18cff000 	/System/Library/Frameworks/RelevanceKit.framework/Versions/A/RelevanceKit
0x00007ff813d99000 	/System/Library/Frameworks/CoreSpotlight.framework/Versions/A/CoreSpotlight
0x00007ffc1da43000 	/System/Library/PrivateFrameworks/LinkServices.framework/Versions/A/LinkServices
0x00007ff81d72d000 	/System/Library/Frameworks/Contacts.framework/Versions/A/Contacts
0x00007ffb1e4bb000 	/System/Library/PrivateFrameworks/AppIntentsTypeSupport.framework/Versions/A/AppIntentsTypeSupport
0x00007ffc0b9c5000 	/System/Library/PrivateFrameworks/DoNotDisturb.framework/Versions/A/DoNotDisturb
0x00007ffc1d8a6000 	/System/Library/PrivateFrameworks/LinkMetadata.framework/Versions/A/LinkMetadata
0x00007ff90f6ca000 	/usr/lib/swift/libswiftIntents.dylib
0x00007ff914d7d000 	/System/Library/PrivateFrameworks/IntentsCore.framework/Versions/A/IntentsCore
0x00007ffb2127f000 	/System/Library/PrivateFrameworks/AvailabilityKit.framework/Versions/A/AvailabilityKit
0x00007ffb1e14e000 	/System/Library/PrivateFrameworks/AppIntentSchemas.framework/Versions/A/AppIntentSchemas
0x00007ffb148cf000 	/System/Library/Frameworks/GeoToolbox.framework/Versions/A/GeoToolbox
0x00007ffc1328c000 	/System/Library/PrivateFrameworks/GRDBInternal.framework/Versions/A/GRDBInternal
0x00007ffd1b203000 	/System/Library/PrivateFrameworks/StatusKit.framework/Versions/A/StatusKit
0x00007ff81d557000 	/System/Library/PrivateFrameworks/ContactsPersistence.framework/Versions/A/ContactsPersistence
0x00007ff81c6ec000 	/System/Library/PrivateFrameworks/AppleLDAP.framework/Versions/A/AppleLDAP
0x00007ff82149e000 	/System/Library/Frameworks/ClassKit.framework/Versions/A/ClassKit
0x00007ff8237bb000 	/System/Library/PrivateFrameworks/CoreSuggestions.framework/Versions/A/CoreSuggestions
0x00007ff81d48d000 	/System/Library/PrivateFrameworks/ContactsFoundation.framework/Versions/A/ContactsFoundation
0x00007ff81ef22000 	/System/Library/PrivateFrameworks/vCard.framework/Versions/A/vCard
0x00007ffc04888000 	/System/Library/PrivateFrameworks/ContactsMetrics.framework/Versions/A/ContactsMetrics
0x00007ff815e19000 	/System/Library/PrivateFrameworks/login.framework/Versions/A/login
0x00007ffd04987000 	/System/Library/PrivateFrameworks/ManagedOrganizationContacts.framework/Versions/A/ManagedOrganizationContacts
0x00007ff80ef9c000 	/System/Library/PrivateFrameworks/CloudDocs.framework/Versions/A/CloudDocs
0x00007ff907f26000 	/System/Library/PrivateFrameworks/ProactiveEventTracker.framework/Versions/A/ProactiveEventTracker
0x00007ff81e3ba000 	/System/Library/PrivateFrameworks/GenerationalStorage.framework/Versions/A/GenerationalStorage
0x00007ff818946000 	/System/Library/PrivateFrameworks/CacheDelete.framework/Versions/A/CacheDelete
0x00007ff821ac8000 	/System/Library/Frameworks/QuickLookThumbnailing.framework/Versions/A/QuickLookThumbnailing
0x00007ff81e1dc000 	/System/Library/Frameworks/FileProvider.framework/Versions/A/FileProvider
0x00007ff809911000 	/System/Library/PrivateFrameworks/DesktopServicesPriv.framework/Versions/A/DesktopServicesPriv
0x00007ff90f15a000 	/System/Library/PrivateFrameworks/FTServices.framework/Versions/A/FTServices
0x00007ff907681000 	/System/Library/PrivateFrameworks/CloudServices.framework/Versions/A/CloudServices
0x00007ff8102dc000 	/System/Library/Frameworks/CoreLocation.framework/Versions/A/CoreLocation
0x00007ff820201000 	/System/Library/Frameworks/Intents.framework/Versions/A/Intents
0x00007ff813a6b000 	/System/Library/PrivateFrameworks/AuthKit.framework/Versions/A/AuthKit
0x00007ff91631f000 	/usr/lib/swift/libswiftCoreLocation.dylib
0x00007ff819f6a000 	/System/Library/PrivateFrameworks/Sharing.framework/Versions/A/Sharing
0x00007ff819958000 	/System/Library/PrivateFrameworks/IDSFoundation.framework/Versions/A/IDSFoundation
0x00007ff8208dd000 	/System/Library/PrivateFrameworks/Apple80211.framework/Versions/A/Apple80211
0x00007ff812e4f000 	/System/Library/Frameworks/CoreWLAN.framework/Versions/A/CoreWLAN
0x00007ff81809c000 	/System/Library/PrivateFrameworks/IMFoundation.framework/Versions/A/IMFoundation
0x00007ff9079d7000 	/System/Library/PrivateFrameworks/Marco.framework/Versions/A/Marco
0x00007ff80bf2f000 	/System/Library/PrivateFrameworks/CommonUtilities.framework/Versions/A/CommonUtilities
0x00007ff903e23000 	/System/Library/PrivateFrameworks/Engram.framework/Versions/A/Engram
0x00007ffe07de7000 	/System/Library/PrivateFrameworks/XPCDistributed.framework/Versions/A/XPCDistributed
0x00007ff903dc5000 	/usr/lib/libtidy.A.dylib
0x00007ff816050000 	/System/Library/PrivateFrameworks/Bom.framework/Versions/A/Bom
0x00007ff81849b000 	/usr/lib/libParallelCompression.dylib
0x00007ff81848e000 	/System/Library/PrivateFrameworks/MultiverseSupport.framework/Versions/A/MultiverseSupport
0x00007ff81dd07000 	/System/Library/PrivateFrameworks/DiskManagement.framework/Versions/A/DiskManagement
0x00007ff81dc21000 	/System/Library/PrivateFrameworks/AppleIDAuthSupport.framework/Versions/A/AppleIDAuthSupport
0x00007ffb1b940000 	/System/Library/PrivateFrameworks/AAAFoundation.framework/Versions/A/AAAFoundation
0x00007ff818998000 	/System/Library/PrivateFrameworks/KeychainCircle.framework/Versions/A/KeychainCircle
0x00007ff908565000 	/System/Library/PrivateFrameworks/URLFormatting.framework/Versions/A/URLFormatting
0x00007ff8210f9000 	/usr/lib/libcsfde.dylib
0x00007ff815a0a000 	/usr/lib/libCoreStorage.dylib
0x00007ff81a3e0000 	/System/Library/PrivateFrameworks/ProtectedCloudStorage.framework/Versions/A/ProtectedCloudStorage
0x00007ff8210f5000 	/System/Library/PrivateFrameworks/EFILogin.framework/Versions/A/EFILogin
0x00007ff81e3e4000 	/System/Library/PrivateFrameworks/OctagonTrust.framework/Versions/A/OctagonTrust
0x00007ff819730000 	/System/Library/PrivateFrameworks/IDS.framework/Versions/A/IDS
0x00007ff81efeb000 	/System/Library/Frameworks/LocalAuthentication.framework/Versions/A/LocalAuthentication
0x00007ffc1dc5d000 	/System/Library/PrivateFrameworks/LocalAuthenticationCore.framework/Versions/A/LocalAuthenticationCore
0x00007ffc1ddf9000 	/System/Library/PrivateFrameworks/LocalAuthenticationCredentialServices.framework/Versions/A/LocalAuthenticationCredentialServices
0x00007ff81f04f000 	/System/Library/Frameworks/LocalAuthentication.framework/Support/SharedUtils.framework/Versions/A/SharedUtils
0x00007ffb20d57000 	/System/Library/PrivateFrameworks/AsyncAlgorithmsInternal.framework/Versions/A/AsyncAlgorithmsInternal
0x00007ff91e359000 	/System/Library/PrivateFrameworks/FTAWD.framework/Versions/A/FTAWD
0x00007ff821a55000 	/System/Library/PrivateFrameworks/IntentsFoundation.framework/Versions/A/IntentsFoundation
0x00007ff80eb23000 	/System/Library/PrivateFrameworks/ApplePushService.framework/Versions/A/ApplePushService
0x00007ff80eb8a000 	/System/Library/Frameworks/CloudKit.framework/Versions/A/CloudKit
0x00007ffa06d4c000 	/System/Library/PrivateFrameworks/DeviceIdentity.framework/Versions/A/DeviceIdentity
0x00007ffb19142000 	/System/Library/Frameworks/SharedWithYouCore.framework/Versions/A/SharedWithYouCore
0x00007ffc03e62000 	/System/Library/PrivateFrameworks/CloudTelemetry.framework/Versions/A/CloudTelemetry
0x00007ff821565000 	/System/Library/PrivateFrameworks/AppleAccount.framework/Versions/A/AppleAccount
0x00007ff821a6e000 	/System/Library/PrivateFrameworks/C2.framework/Versions/A/C2
0x00007ffc03aff000 	/System/Library/PrivateFrameworks/CloudCoreInternal.framework/Versions/A/CloudCoreInternal
0x00007ffc038c8000 	/System/Library/PrivateFrameworks/CloudAsset.framework/Versions/A/CloudAsset
0x00007ff821a65000 	/System/Library/Frameworks/PushKit.framework/Versions/A/PushKit
0x00007ffc03e82000 	/System/Library/PrivateFrameworks/CloudTelemetryTools.framework/Versions/A/CloudTelemetryTools
0x00007ffc03e75000 	/System/Library/PrivateFrameworks/CloudTelemetryShared.dylib
0x00007ff823aa5000 	/System/Library/PrivateFrameworks/RTCReporting.framework/Versions/A/RTCReporting
0x00007ffb1b95a000 	/System/Library/PrivateFrameworks/AAAFoundationSwift.framework/Versions/A/AAAFoundationSwift
0x00007ff82174d000 	/System/Library/PrivateFrameworks/AppleIDSSOAuthentication.framework/Versions/A/AppleIDSSOAuthentication
0x00007ff80e7e5000 	/System/Library/PrivateFrameworks/ViewBridge.framework/Versions/A/ViewBridge
0x00007ffb1b18d000 	/System/Library/Frameworks/_AppIntents_AppKit.framework/Versions/A/_AppIntents_AppKit
0x00007ffe0b2eb000 	/usr/lib/libAccessibilityBaseImplementations.dylib
0x0000000107f47000 	/usr/lib/libobjc-trampolines.dylib
0x00007ffe07515000 	/System/Library/PrivateFrameworks/WritingToolsUI.framework/Versions/A/WritingToolsUI
0x00007ffc15c20000 	/System/Library/PrivateFrameworks/GenerativeAssistantSettings.framework/Versions/A/GenerativeAssistantSettings
0x00007ffd1cf9f000 	/System/Library/PrivateFrameworks/TextComposer.framework/Versions/A/TextComposer
0x00007ffc15bf9000 	/System/Library/PrivateFrameworks/GenerativeAssistantCommon.framework/Versions/A/GenerativeAssistantCommon
0x00007ff9173ca000 	/System/Library/Frameworks/SwiftUI.framework/Versions/A/SwiftUI
0x00007ffb1dec9000 	/System/Library/PrivateFrameworks/Anvil.framework/Versions/A/Anvil
0x00007ffc15fdd000 	/System/Library/PrivateFrameworks/GenerativePartnerService.framework/Versions/A/GenerativePartnerService
0x00007ffc16002000 	/System/Library/PrivateFrameworks/GenerativePartnerServiceUI.framework/Versions/A/GenerativePartnerServiceUI
0x00007ff90f2f4000 	/System/Library/Frameworks/SafariServices.framework/Versions/A/SafariServices
0x00007ff90c84e000 	/System/Library/Frameworks/WebKit.framework/Versions/A/WebKit
0x00007ffb1b1be000 	/System/Library/Frameworks/_AuthenticationServices_SwiftUI.framework/Versions/A/_AuthenticationServices_SwiftUI
0x00007ff91695b000 	/System/Library/PrivateFrameworks/AppStoreDaemon.framework/Versions/A/AppStoreDaemon
0x00007ff90191e000 	/System/Library/PrivateFrameworks/AppleMediaServices.framework/Versions/A/AppleMediaServices
0x00007ff912a7e000 	/System/Library/PrivateFrameworks/AppleMediaServicesUI.framework/Versions/A/AppleMediaServicesUI
0x00007ffb0677b000 	/System/Library/PrivateFrameworks/JetEngine.framework/Versions/A/JetEngine
0x00007ff910086000 	/System/Library/PrivateFrameworks/OnBoardingKit.framework/Versions/A/OnBoardingKit
0x00007ffd12f72000 	/System/Library/PrivateFrameworks/Settings.framework/Versions/A/Settings
0x00007ffb14233000 	/System/Library/Frameworks/ExtensionKit.framework/Versions/A/ExtensionKit
0x00007ffb14271000 	/System/Library/Frameworks/FSKit.framework/Versions/A/FSKit
0x00007ffd1ce8d000 	/System/Library/PrivateFrameworks/TextAnimationSupport.framework/Versions/A/TextAnimationSupport
0x00007ffd10583000 	/System/Library/PrivateFrameworks/RecapPerformanceTesting.framework/Versions/A/RecapPerformanceTesting
0x00007ff910077000 	/System/Library/PrivateFrameworks/SignpostCollection.framework/Versions/A/SignpostCollection
0x00007ff90126a000 	/System/Library/Frameworks/WebKit.framework/Versions/A/Frameworks/WebKitLegacy.framework/Versions/A/WebKitLegacy
0x00007ff90e10d000 	/System/Library/Frameworks/Carbon.framework/Versions/A/Carbon
0x00007ff82178e000 	/System/Library/PrivateFrameworks/CorePrediction.framework/Versions/A/CorePrediction
0x00007ff80f61f000 	/System/Library/Frameworks/WebKit.framework/Versions/A/Frameworks/WebCore.framework/Versions/A/Frameworks/libwebrtc.dylib
0x00007ff818506000 	/System/Library/Frameworks/SecurityInterface.framework/Versions/A/SecurityInterface
0x00007ff910085000 	/System/Library/PrivateFrameworks/WebInspectorUI.framework/Versions/A/WebInspectorUI
0x00007ff903e5f000 	/System/Library/Frameworks/JavaScriptCore.framework/Versions/A/JavaScriptCore
0x00007ff90868d000 	/System/Library/Frameworks/WebKit.framework/Versions/A/Frameworks/WebCore.framework/Versions/A/WebCore
0x00007ff903e59000 	/System/Library/Frameworks/Carbon.framework/Versions/A/Frameworks/CommonPanels.framework/Versions/A/CommonPanels
0x00007ff8210f1000 	/System/Library/Frameworks/Carbon.framework/Versions/A/Frameworks/Help.framework/Versions/A/Help
0x00007ff903e5d000 	/System/Library/Frameworks/Carbon.framework/Versions/A/Frameworks/ImageCapture.framework/Versions/A/ImageCapture
0x00007ff903e3a000 	/System/Library/Frameworks/Carbon.framework/Versions/A/Frameworks/OpenScripting.framework/Versions/A/OpenScripting
0x00007ff903e58000 	/System/Library/Frameworks/Carbon.framework/Versions/A/Frameworks/Ink.framework/Versions/A/Ink
0x00007ff903e55000 	/System/Library/Frameworks/Carbon.framework/Versions/A/Frameworks/SecurityHI.framework/Versions/A/SecurityHI
0x00007ffe0b613000 	/usr/lib/libInterpreterSecurity.dylib
0x00007ffa05907000 	/System/Library/PrivateFrameworks/XprotectFramework.framework/Versions/A/XprotectFramework
0x00007ff9079d8000 	/System/Library/PrivateFrameworks/yara.framework/Versions/A/yara
0x00007ffe0b601000 	/usr/lib/libEndpointSecuritySystem.dylib
0x00007ffb134c9000 	/System/Library/Frameworks/BrowserEngineCore.framework/Versions/A/BrowserEngineCore
0x00007ffb1ad84000 	/System/Library/Frameworks/WebKit.framework/Versions/A/Frameworks/WebCore.framework/Versions/A/Frameworks/libANGLE-shared.dylib
0x00007ffe05edc000 	/System/Library/PrivateFrameworks/WebGPU.framework/Versions/A/WebGPU
0x00007ff91208c000 	/System/Library/Frameworks/SceneKit.framework/Versions/A/SceneKit
0x00007ffa04423000 	/System/Library/Frameworks/ModelIO.framework/Versions/A/ModelIO
0x00007ff81a4db000 	/System/Library/Frameworks/MetalKit.framework/Versions/A/MetalKit
0x00007ff81ca00000 	/System/Library/Frameworks/GLKit.framework/Versions/A/GLKit
0x00007ffe0d71a000 	/usr/lib/usd/libusd_ms.dylib
0x00007ffe01583000 	/System/Library/PrivateFrameworks/USDLib_FormatLoaderProxy.framework/Versions/A/USDLib_FormatLoaderProxy
0x00007ffe0d3de000 	/usr/lib/swift/libswift_errno.dylib
0x00007ff90f13a000 	/System/Library/PrivateFrameworks/CoreOptimization.framework/Versions/A/CoreOptimization
0x00007ffb21143000 	/System/Library/PrivateFrameworks/AuthenticationServicesCore.framework/Versions/A/AuthenticationServicesCore
0x00007ff919afb000 	/System/Library/Frameworks/AuthenticationServices.framework/Versions/A/AuthenticationServices
0x00007ff81599b000 	/System/Library/PrivateFrameworks/SharedWebCredentials.framework/Versions/A/SharedWebCredentials
0x00007ff911021000 	/System/Library/PrivateFrameworks/SafariCore.framework/Versions/A/SafariCore
0x00007ff9195c5000 	/System/Library/PrivateFrameworks/SafariFoundation.framework/Versions/A/SafariFoundation
0x00007ffc02407000 	/System/Library/PrivateFrameworks/CBORLibrary.framework/Versions/A/CBORLibrary
0x00007ffc032ad000 	/System/Library/PrivateFrameworks/Chirp.framework/Versions/A/Chirp
0x00007ffc03d4b000 	/System/Library/PrivateFrameworks/CloudSubscriptionFeatures.framework/Versions/A/CloudSubscriptionFeatures
0x00007ffb07ad6000 	/System/Library/PrivateFrameworks/RemoteManagement.framework/Versions/A/RemoteManagement
0x00007ffd108fb000 	/System/Library/PrivateFrameworks/RemoteManagementModel.framework/Versions/A/RemoteManagementModel
0x00007ffd1098b000 	/System/Library/PrivateFrameworks/RemoteManagementStore.framework/Versions/A/RemoteManagementStore
0x00007ff81a4f9000 	/usr/lib/libxcselect.dylib
0x00007ff91952e000 	/System/Library/PrivateFrameworks/DifferentialPrivacy.framework/Versions/A/DifferentialPrivacy
0x00007ffd0498d000 	/System/Library/PrivateFrameworks/ManagedSettingsObjC.framework/Versions/A/ManagedSettingsObjC
0x00007ff822c00000 	/System/Library/PrivateFrameworks/ConfigurationProfiles.framework/Versions/A/ConfigurationProfiles
0x00007ffc1de79000 	/System/Library/PrivateFrameworks/LockdownMode.framework/Versions/A/LockdownMode
0x00007ffe020ea000 	/System/Library/PrivateFrameworks/VDAF.framework/Versions/A/VDAF
0x00007ff81cde2000 	/System/Library/PrivateFrameworks/SystemAdministration.framework/Versions/A/SystemAdministration
0x00007ff905e60000 	/System/Library/PrivateFrameworks/PowerlogControl.framework/Versions/A/PowerlogControl
0x00007ff905e62000 	/usr/lib/libUniversalAccess.dylib
0x00007ff90229b000 	/System/Library/PrivateFrameworks/FamilyControls.framework/Versions/A/FamilyControls
0x00007ff81c6c5000 	/System/Library/Frameworks/DirectoryService.framework/Versions/A/DirectoryService
0x00007ff821188000 	/System/Library/PrivateFrameworks/LoginUIKit.framework/Versions/A/Frameworks/LoginUICore.framework/Versions/A/LoginUICore
0x00007ff81604f000 	/usr/lib/libodfde.dylib
0x00007ff902296000 	/System/Library/PrivateFrameworks/UniversalAccess.framework/Versions/A/Libraries/libUAPreferences.dylib
0x00007ff9022be000 	/System/Library/PrivateFrameworks/CommerceKit.framework/Versions/A/Frameworks/CommerceCore.framework/Versions/A/CommerceCore
0x00007ff81853e000 	/System/Library/PrivateFrameworks/CoreFollowUp.framework/Versions/A/CoreFollowUp
0x00007ffc0ac61000 	/System/Library/PrivateFrameworks/DMCUtilities.framework/Versions/A/DMCUtilities
0x00007ffc1defc000 	/System/Library/PrivateFrameworks/MDMClientLibrary.framework/Versions/A/MDMClientLibrary
0x00007ffd10980000 	/System/Library/PrivateFrameworks/RemoteManagementProtocol.framework/Versions/A/RemoteManagementProtocol
0x00007ffc0abd0000 	/System/Library/PrivateFrameworks/DEPClientLibrary.framework/Versions/A/DEPClientLibrary
0x00007ffc0abf8000 	/System/Library/PrivateFrameworks/DMCEnrollmentLibrary.framework/Versions/A/DMCEnrollmentLibrary
0x00007ff905f44000 	/System/Library/PrivateFrameworks/SetupAssistantFramework.framework/Versions/A/SetupAssistantFramework
0x00007ff8217e3000 	/System/Library/PrivateFrameworks/AuthKitUI.framework/Versions/A/AuthKitUI
0x00007ff8211cd000 	/System/Library/PrivateFrameworks/AppSSO.framework/Versions/A/AppSSO
0x00007ff9166c2000 	/System/Library/PrivateFrameworks/LocalAuthenticationUI.framework/Versions/A/LocalAuthenticationUI
0x00007ffd0e295000 	/System/Library/PrivateFrameworks/PlatformSSO.framework/Versions/A/PlatformSSO
0x00007ffd0e399000 	/System/Library/PrivateFrameworks/PlatformSSOCore.framework/Versions/A/PlatformSSOCore
0x00007ffb1530b000 	/System/Library/Frameworks/LocalAuthenticationEmbeddedUI.framework/Versions/A/LocalAuthenticationEmbeddedUI
0x00007ff91719f000 	/System/Library/PrivateFrameworks/AOSUI.framework/Versions/A/AOSUI
0x00007ff907d03000 	/System/Library/Frameworks/ContactsUI.framework/Versions/A/ContactsUI
0x00007ff81d9d0000 	/System/Library/PrivateFrameworks/FamilyCircle.framework/Versions/A/FamilyCircle
0x00007ffa05d3b000 	/System/Library/Frameworks/LinkPresentation.framework/Versions/A/LinkPresentation
0x00007ff9078cb000 	/System/Library/PrivateFrameworks/IASUtilities.framework/Versions/A/IASUtilities
0x00007ffc191e5000 	/System/Library/PrivateFrameworks/IASUtilitiesCore.framework/Versions/A/IASUtilitiesCore
0x00007ffd109f2000 	/System/Library/PrivateFrameworks/RemoteUI.framework/Versions/A/RemoteUI
0x00007ffc1d334000 	/System/Library/PrivateFrameworks/LiftUI.framework/Versions/A/LiftUI
0x00007ffe07ee5000 	/System/Library/PrivateFrameworks/_IconServices_SwiftUI.framework/Versions/A/_IconServices_SwiftUI
0x00007ffc03c91000 	/System/Library/PrivateFrameworks/CloudSettings.framework/Versions/A/CloudSettings
0x00007ff82388b000 	/System/Library/Frameworks/EventKit.framework/Versions/A/EventKit
0x00007ff910296000 	/System/Library/PrivateFrameworks/SearchFoundation.framework/Versions/A/SearchFoundation
0x00007ffa07e98000 	/System/Library/PrivateFrameworks/Email.framework/Versions/A/Email
0x00007ff90ed56000 	/System/Library/PrivateFrameworks/CoreRoutine.framework/Versions/A/CoreRoutine
0x00007ffb07482000 	/System/Library/PrivateFrameworks/VoiceShortcutClient.framework/Versions/A/VoiceShortcutClient
0x00007ff91eeff000 	/System/Library/PrivateFrameworks/Categories.framework/Versions/A/Categories
0x00007ff917059000 	/System/Library/PrivateFrameworks/ChronoServices.framework/Versions/A/ChronoServices
0x00007ffc02d74000 	/System/Library/PrivateFrameworks/CalendarDatabase.framework/Versions/A/CalendarDatabase
0x00007ffc02cb5000 	/System/Library/PrivateFrameworks/CalendarDaemon.framework/Versions/A/CalendarDaemon
0x00007ff822b63000 	/System/Library/PrivateFrameworks/CalendarFoundation.framework/Versions/A/CalendarFoundation
0x00007ff822b1d000 	/System/Library/PrivateFrameworks/iCalendar.framework/Versions/A/iCalendar
0x00007ffc0ae56000 	/System/Library/PrivateFrameworks/DataAccessExpress.framework/Versions/A/DataAccessExpress
0x00007ff907e57000 	/System/Library/PrivateFrameworks/ContactsAutocomplete.framework/Versions/A/ContactsAutocomplete
0x00007ff916fa2000 	/System/Library/PrivateFrameworks/FTClientServices.framework/Versions/A/FTClientServices
0x00007ffd1b7f6000 	/System/Library/PrivateFrameworks/StorageContainersPrivate.framework/Versions/A/StorageContainersPrivate
0x00007ffe0d066000 	/usr/lib/swift/libswiftCoreMediaIO.dylib
0x00007ff907747000 	/System/Library/PrivateFrameworks/CoreDAV.framework/Versions/A/CoreDAV
0x00007ff823758000 	/System/Library/PrivateFrameworks/CalDAV.framework/Versions/A/CalDAV
0x00007ff90c4b8000 	/System/Library/PrivateFrameworks/TelephonyUtilities.framework/Versions/A/TelephonyUtilities
0x00007ffb152d0000 	/System/Library/Frameworks/LiveCommunicationKit.framework/Versions/A/LiveCommunicationKit
0x00007ffc044af000 	/System/Library/PrivateFrameworks/CommunicationTrust.framework/Versions/A/CommunicationTrust
0x00007ff910e3a000 	/System/Library/Frameworks/CallKit.framework/Versions/A/CallKit
0x00007ff81d9c9000 	/System/Library/PrivateFrameworks/CommunicationsFilter.framework/Versions/A/CommunicationsFilter
0x00007ffa1c0d1000 	/System/Library/PrivateFrameworks/IMTransferServices.framework/Versions/A/IMTransferServices
0x00007ff90f154000 	/System/Library/PrivateFrameworks/IncomingCallFilter.framework/Versions/A/IncomingCallFilter
0x00007ffd09791000 	/System/Library/PrivateFrameworks/NeighborhoodActivityConduit.framework/Versions/A/NeighborhoodActivityConduit
0x00007ff913419000 	/System/Library/PrivateFrameworks/CallHistory.framework/Versions/A/CallHistory
0x00007ffe0b485000 	/usr/lib/libBASupport.dylib
0x00007ffc0314f000 	/System/Library/PrivateFrameworks/CallsUtilities.framework/Versions/A/CallsUtilities
0x00007ffc03159000 	/System/Library/PrivateFrameworks/CallsXPC.framework/Versions/A/CallsXPC
0x00007ffb07c14000 	/usr/lib/swift/libswiftCallKit.dylib
0x00007ffc03143000 	/System/Library/PrivateFrameworks/CallsPersistence.framework/Versions/A/CallsPersistence
0x00007ffb18fbb000 	/System/Library/Frameworks/SensitiveContentAnalysis.framework/Versions/A/SensitiveContentAnalysis
0x00007ff9145b7000 	/System/Library/PrivateFrameworks/PeopleSuggester.framework/Versions/A/PeopleSuggester
0x00007ff91dcb2000 	/System/Library/PrivateFrameworks/SpotlightReceiver.framework/Versions/A/SpotlightReceiver
0x00007ffe07ead000 	/System/Library/PrivateFrameworks/_AppIntentsServices_AppIntents.framework/Versions/A/_AppIntentsServices_AppIntents
0x00007ffb1e28d000 	/System/Library/PrivateFrameworks/AppIntentsServices.framework/Versions/A/AppIntentsServices
0x00007ff822b07000 	/System/Library/PrivateFrameworks/CoreRecents.framework/Versions/A/CoreRecents
0x00007ffb1b22a000 	/System/Library/Frameworks/_GeoToolbox_AppIntents.framework/Versions/A/_GeoToolbox_AppIntents
0x00007ffa11bdc000 	/System/Library/PrivateFrameworks/DiagnosticRequest.framework/Versions/A/DiagnosticRequest
0x00007ffd1062f000 	/System/Library/PrivateFrameworks/RegulatoryDomain.framework/Versions/A/RegulatoryDomain
0x00007ff81cadb000 	/usr/lib/libCTGreenTeaLogger.dylib
0x00007ffc1de52000 	/System/Library/PrivateFrameworks/LocalStatusKit.framework/Versions/A/LocalStatusKit
0x00007ff90c395000 	/System/Library/PrivateFrameworks/CoreParsec.framework/Versions/A/CoreParsec
0x00007ffa07e8c000 	/System/Library/PrivateFrameworks/EmailAddressing.framework/Versions/A/EmailAddressing
0x00007ffa03bd9000 	/System/Library/PrivateFrameworks/EmailCore.framework/Versions/A/EmailCore
0x00007ffa04d66000 	/System/Library/PrivateFrameworks/EmailFoundation.framework/Versions/A/EmailFoundation
0x00007ffd0be58000 	/System/Library/PrivateFrameworks/PegasusAPI.framework/Versions/A/PegasusAPI
0x00007ffd0ca6b000 	/System/Library/PrivateFrameworks/PegasusConfiguration.framework/Versions/A/PegasusConfiguration
0x00007ffd1f9ef000 	/System/Library/PrivateFrameworks/ToolKit.framework/Versions/A/ToolKit
0x00007ffd10d1d000 	/System/Library/PrivateFrameworks/ReplicatorEngine.framework/Versions/A/ReplicatorEngine
0x00007ffd10e95000 	/System/Library/PrivateFrameworks/ReplicatorServices.framework/Versions/A/ReplicatorServices
0x00007ffd1c853000 	/System/Library/PrivateFrameworks/SystemWake.framework/Versions/A/SystemWake
0x00007ff911008000 	/System/Library/PrivateFrameworks/ContextKit.framework/Versions/A/ContextKit
0x00007ffc049d4000 	/System/Library/PrivateFrameworks/ContextKitCore.framework/Versions/A/ContextKitCore
0x00007ff90f3d7000 	/System/Library/Frameworks/LocalAuthentication.framework/Support/DaemonUtils.framework/Versions/A/DaemonUtils
0x00007ffc1ddbd000 	/System/Library/PrivateFrameworks/LocalAuthenticationCoreUI.framework/Versions/A/LocalAuthenticationCoreUI
0x00007ff912a49000 	/System/Library/PrivateFrameworks/BridgeXPC.framework/Versions/A/BridgeXPC
0x00007ff91015b000 	/System/Library/PrivateFrameworks/CoreKDL.framework/Versions/A/CoreKDL
0x00007ff90e70c000 	/System/Library/PrivateFrameworks/EmbeddedOSSupportHost.framework/Versions/A/EmbeddedOSSupportHost
0x00007ff902da2000 	/System/Library/PrivateFrameworks/LoginUIKit.framework/Versions/A/LoginUIKit
0x00007ff91f362000 	/System/Library/PrivateFrameworks/StorageKit.framework/Versions/A/StorageKit
0x00007ffb095aa000 	/System/Library/Frameworks/DeviceCheck.framework/Versions/A/DeviceCheck
0x00007ffc0b6ce000 	/System/Library/PrivateFrameworks/DiskImages2.framework/Versions/A/DiskImages2
0x00007ff91f3da000 	/System/Library/PrivateFrameworks/CoreWLANKit.framework/Versions/A/CoreWLANKit
0x00007ffe053b1000 	/System/Library/PrivateFrameworks/Wallpaper.framework/Versions/A/Wallpaper
0x00007ffe0d07d000 	/usr/lib/swift/libswiftGLKit.dylib
0x00007ffe0d088000 	/usr/lib/swift/libswiftMetalKit.dylib
0x00007ffe0d08a000 	/usr/lib/swift/libswiftModelIO.dylib
0x00007ffe0d146000 	/usr/lib/swift/libswiftSceneKit.dylib
0x00007ffa08d49000 	/System/Library/PrivateFrameworks/DynamicDesktop.framework/Versions/A/DynamicDesktop
0x00007ffe05502000 	/System/Library/PrivateFrameworks/WallpaperFoundation.framework/Versions/A/WallpaperFoundation
0x00007ffe05550000 	/System/Library/PrivateFrameworks/WallpaperTypes.framework/Versions/A/WallpaperTypes
0x00007ffa1dd22000 	/System/Library/PrivateFrameworks/SystemDesktopAppearance.framework/Versions/A/SystemDesktopAppearance
0x00007ffe08d1c000 	/System/Library/PrivateFrameworks/icloudMCCKit.framework/Versions/A/icloudMCCKit
0x00007ffb1f493000 	/System/Library/PrivateFrameworks/AppleAccountUI.framework/Versions/A/AppleAccountUI
0x00007ffa12154000 	/System/Library/PrivateFrameworks/PreferencePanesSupport.framework/Versions/A/PreferencePanesSupport
0x00007ff917346000 	/System/Library/PrivateFrameworks/FindMyDeviceUI.framework/Versions/A/FindMyDeviceUI
0x00007ffe08ac8000 	/System/Library/PrivateFrameworks/iCloudQuotaUI.framework/Versions/A/iCloudQuotaUI
0x00007ffa12313000 	/System/Library/PrivateFrameworks/CoreCDPUI.framework/Versions/A/CoreCDPUI
0x00007ff910d79000 	/System/Library/PrivateFrameworks/CoreFollowUpUI.framework/Versions/A/CoreFollowUpUI
0x00007ff91df47000 	/System/Library/PrivateFrameworks/IMCore.framework/Versions/A/IMCore
0x00007ff905ec7000 	/System/Library/PrivateFrameworks/CoreCDP.framework/Versions/A/CoreCDP
0x00007ff90190a000 	/System/Library/PrivateFrameworks/AskPermission.framework/Versions/A/AskPermission
0x00007ff914cf0000 	/System/Library/Frameworks/Quartz.framework/Versions/A/Quartz
0x00007ffa02384000 	/System/Library/PrivateFrameworks/CloudPhotoServicesConfiguration.framework/Versions/A/CloudPhotoServicesConfiguration
0x00007ff913236000 	/System/Library/PrivateFrameworks/CommerceKit.framework/Versions/A/CommerceKit
0x00007ffa03ca0000 	/System/Library/PrivateFrameworks/FindMyMac.framework/Versions/A/FindMyMac
0x00007ffa03b7f000 	/System/Library/Frameworks/PreferencePanes.framework/Versions/A/PreferencePanes
0x00007ff9167b2000 	/System/Library/Frameworks/AddressBook.framework/Versions/A/AddressBook
0x00007ff822f33000 	/System/Library/PrivateFrameworks/AOSAccounts.framework/Versions/A/AOSAccounts
0x00007ff81cddd000 	/System/Library/PrivateFrameworks/AppleSRP.framework/Versions/A/AppleSRP
0x00007ff8219a2000 	/System/Library/PrivateFrameworks/NetFSServer.framework/Versions/A/NetFSServer
0x00007ff911f57000 	/System/Library/Frameworks/PDFKit.framework/Versions/A/PDFKit
0x00007ffe0d09e000 	/usr/lib/swift/libswiftPassKit.dylib
0x00007ffa165e6000 	/System/Library/Frameworks/PassKit.framework/Versions/A/PassKit
0x00007ff902ea8000 	/System/Library/PrivateFrameworks/PassKitCore.framework/Versions/A/PassKitCore
0x00007ffd0b884000 	/System/Library/PrivateFrameworks/PassKitMacHelperTemp.framework/Versions/A/PassKitMacHelperTemp
0x00007ffe0b3bd000 	/usr/lib/libAppleSSE.dylib
0x00007ff90f40b000 	/System/Library/PrivateFrameworks/BiometricKit.framework/Versions/A/BiometricKit
0x00007ffd114b1000 	/System/Library/PrivateFrameworks/SEService.framework/Versions/A/SEService
0x00007ffb1432f000 	/System/Library/Frameworks/FinanceKit.framework/Versions/A/FinanceKit
0x00007ff914d9a000 	/System/Library/PrivateFrameworks/NearField.framework/Versions/A/NearField
0x00007ffd1143c000 	/System/Library/PrivateFrameworks/SESShared.framework/Versions/A/SESShared
0x00007ffd11696000 	/System/Library/PrivateFrameworks/STSXPCHelperClient.framework/Versions/A/STSXPCHelperClient
0x00007ff916ba8000 	/usr/lib/libnfshared.dylib
0x00007ffd1c5ff000 	/System/Library/PrivateFrameworks/Symptoms.framework/Versions/A/Frameworks/SymptomPresentationFeed.framework/Versions/A/SymptomPresentationFeed
0x00007ffb20037000 	/System/Library/PrivateFrameworks/AppleMediaServicesKitInternal.framework/Versions/A/AppleMediaServicesKitInternal
0x00007ffd1c333000 	/System/Library/PrivateFrameworks/SymptomShared.framework/Versions/A/SymptomShared
0x00007ffa1940d000 	/System/Library/PrivateFrameworks/PassKitUIFoundation.framework/Versions/A/PassKitUIFoundation
0x00007ff81c6fd000 	/System/Library/Frameworks/MapKit.framework/Versions/A/MapKit
0x00007ffc1608e000 	/System/Library/PrivateFrameworks/GeoAnalytics.framework/Versions/A/GeoAnalytics
0x00007ff916bd6000 	/System/Library/PrivateFrameworks/Navigation.framework/Versions/A/Navigation
0x00007ffa0126a000 	/System/Library/PrivateFrameworks/VectorKit.framework/Versions/A/VectorKit
0x00007ff907984000 	/System/Library/PrivateFrameworks/VirtualGarage.framework/Versions/A/VirtualGarage
0x00007ff916ddf000 	/System/Library/Frameworks/ExternalAccessory.framework/ExternalAccessory
0x00007ff916df9000 	/System/Library/PrivateFrameworks/IAP.framework/Versions/A/IAP
0x00007ff81c9ca000 	/System/Library/PrivateFrameworks/IOPlatformPluginFamily.framework/Versions/A/IOPlatformPluginFamily
0x00007ffb21282000 	/System/Library/PrivateFrameworks/AvatarKit.framework/Versions/A/AvatarKit
0x00007ffc0126a000 	/System/Library/PrivateFrameworks/AvatarPersistence.framework/Versions/A/AvatarPersistence
0x00007ffb1a7d7000 	/System/Library/Frameworks/TipKit.framework/Versions/A/TipKit
0x00007ff9029b8000 	/System/Library/PrivateFrameworks/IMSharedUtilities.framework/Versions/A/IMSharedUtilities
0x00007ffe0d04a000 	/usr/lib/swift/libswiftAppleArchive.dylib
0x00007ffe021de000 	/System/Library/PrivateFrameworks/VFX.framework/Versions/A/VFX
0x00007ffa142d2000 	/System/Library/PrivateFrameworks/AppleCVA.framework/Versions/A/AppleCVA
0x00007ffb2134c000 	/System/Library/PrivateFrameworks/AvatarKitContent.framework/Versions/A/AvatarKitContent
0x00007ffb16051000 	/System/Library/Frameworks/MetalFX.framework/Versions/A/MetalFX
0x00007ffc0459d000 	/System/Library/PrivateFrameworks/CompositorNonUI.framework/Versions/A/CompositorNonUI
0x00007ffb127c2000 	/System/Library/Frameworks/ARKit.framework/Versions/A/ARKit
0x00007ffb1cadb000 	/System/Library/PrivateFrameworks/ARKitCore.framework/Versions/A/ARKitCore
0x00007ffe0b4b2000 	/usr/lib/libDisplayWarpSupport.dylib
0x00007ffc06a8f000 	/System/Library/PrivateFrameworks/CoreComposite.framework/Versions/A/CoreComposite
0x00007ffe0bedb000 	/usr/lib/libchannel.dylib
0x00007ffe0ccb4000 	/usr/lib/librealtime_safety.dylib
0x00007ffb1cb67000 	/System/Library/PrivateFrameworks/ARKitFoundation.framework/Versions/A/ARKitFoundation
0x00007ffb1f520000 	/System/Library/PrivateFrameworks/AppleDepth.framework/Versions/A/AppleDepth
0x00007ffb1f6e5000 	/System/Library/PrivateFrameworks/AppleDepthCore.framework/Versions/A/AppleDepthCore
0x00007ff81cb08000 	/System/Library/PrivateFrameworks/CoreAppleCVA.framework/Versions/A/CoreAppleCVA
0x00007ff907ac7000 	/System/Library/PrivateFrameworks/ContactsUICore.framework/Versions/A/ContactsUICore
0x00007ff90f25b000 	/System/Library/PrivateFrameworks/ContactsDonation.framework/Versions/A/ContactsDonation
0x00007ff90eb21000 	/System/Library/PrivateFrameworks/DataDetectors.framework/Versions/A/DataDetectors
0x00007ff823746000 	/System/Library/Frameworks/MediaLibrary.framework/Versions/A/MediaLibrary
0x00007ff81d9b9000 	/System/Library/PrivateFrameworks/PersonaKit.framework/Versions/A/PersonaKit
0x00007ff907ab6000 	/System/Library/PrivateFrameworks/PersonaUI.framework/Versions/A/PersonaUI
0x00007ffa0358d000 	/System/Library/PrivateFrameworks/Transparency.framework/Versions/A/Transparency
0x00007ffc0cf88000 	/System/Library/PrivateFrameworks/FindMyLocate.framework/Versions/A/FindMyLocate
0x00007ff910cf9000 	/System/Library/PrivateFrameworks/IntlPreferences.framework/Versions/A/IntlPreferences
0x00007ffc0a968000 	/System/Library/PrivateFrameworks/CoreTransparency.framework/Versions/A/CoreTransparency
0x00007ffc0ce80000 	/System/Library/PrivateFrameworks/FindMyCommon.framework/Versions/A/FindMyCommon
0x00007ffc0ccaf000 	/System/Library/PrivateFrameworks/FindMyBase.framework/Versions/A/FindMyBase
0x00007ffb17d04000 	/System/Library/Frameworks/NearbyInteraction.framework/Versions/A/NearbyInteraction
0x00007ff81d5cf000 	/System/Library/PrivateFrameworks/AddressBookCore.framework/Versions/A/AddressBookCore
0x00007ff91693a000 	/System/Library/PrivateFrameworks/ToneKit.framework/Versions/A/ToneKit
0x00007ff910d3f000 	/System/Library/PrivateFrameworks/ToneLibrary.framework/Versions/A/ToneLibrary
0x00007ffc0485d000 	/System/Library/PrivateFrameworks/ContactsAccounts.framework/Versions/A/ContactsAccounts
0x00007ff914c0c000 	/System/Library/PrivateFrameworks/Lookup.framework/Versions/A/Lookup
0x00007ffb18560000 	/System/Library/Frameworks/QuickLookUI.framework/Versions/A/QuickLookUI
0x00007ffb18f3b000 	/System/Library/Frameworks/ScreenCaptureKit.framework/Versions/A/ScreenCaptureKit
0x00007ff911a8b000 	/System/Library/Frameworks/Quartz.framework/Versions/A/Frameworks/QuartzComposer.framework/Versions/A/QuartzComposer
0x00007ff910cd1000 	/System/Library/Frameworks/Quartz.framework/Versions/A/Frameworks/QuartzFilters.framework/Versions/A/QuartzFilters
0x00007ff90fc41000 	/System/Library/Frameworks/Quartz.framework/Versions/A/Frameworks/ImageKit.framework/Versions/A/ImageKit
0x00007ff90e10c000 	/System/Library/PrivateFrameworks/CorePDF.framework/Versions/A/CorePDF
0x00007ff81a478000 	/System/Library/Frameworks/QuickLook.framework/Versions/A/QuickLook
0x00007ff902d9d000 	/System/Library/PrivateFrameworks/DisplayServices.framework/Versions/A/DisplayServices
0x00007ff910c4e000 	/System/Library/Frameworks/ImageCaptureCore.framework/Versions/A/ImageCaptureCore
0x00007ffe040be000 	/System/Library/PrivateFrameworks/VisionKitCore.framework/Versions/A/VisionKitCore
0x00007ff90c365000 	/System/Library/PrivateFrameworks/QuickLookSupport.framework/Versions/A/QuickLookSupport
0x00007ffd052b9000 	/System/Library/PrivateFrameworks/MediaAnalysisServices.framework/Versions/A/MediaAnalysisServices
0x00007ff913aec000 	/System/Library/PrivateFrameworks/PhotoLibraryServices.framework/Versions/A/PhotoLibraryServices
0x00007ff91083c000 	/System/Library/Frameworks/Photos.framework/Versions/A/Photos
0x00007ffa06147000 	/System/Library/PrivateFrameworks/PhotosFormats.framework/Versions/A/PhotosFormats
0x00007ffe032ee000 	/System/Library/PrivateFrameworks/VectorSearch.framework/Versions/A/VectorSearch
0x00007ffa023ad000 	/System/Library/PrivateFrameworks/CloudPhotoLibrary.framework/Versions/A/CloudPhotoLibrary
0x00007ffa0bb1a000 	/System/Library/PrivateFrameworks/CloudPhotoServices.framework/Versions/A/CloudPhotoServices
0x00007ffa08004000 	/System/Library/PrivateFrameworks/CoreMediaStream.framework/Versions/A/CoreMediaStream
0x00007ff81e416000 	/System/Library/PrivateFrameworks/CPAnalytics.framework/Versions/A/CPAnalytics
0x00007ffa04356000 	/System/Library/PrivateFrameworks/MediaConversionService.framework/Versions/A/MediaConversionService
0x00007ff9029a6000 	/System/Library/PrivateFrameworks/PhotoFoundation.framework/Versions/A/PhotoFoundation
0x00007ffd0d029000 	/System/Library/PrivateFrameworks/PhotoLibraryServicesCore.framework/Versions/A/PhotoLibraryServicesCore
0x00007ff91d695000 	/System/Library/PrivateFrameworks/MMCS.framework/Versions/A/MMCS
0x00007ff823585000 	/System/Library/PrivateFrameworks/ChunkingLibrary.framework/Versions/A/ChunkingLibrary
0x00007ff81cdac000 	/System/Library/PrivateFrameworks/AssetCacheServices.framework/Versions/A/AssetCacheServices
0x00007ff81f05c000 	/System/Library/PrivateFrameworks/AVFoundationCF.framework/Versions/A/AVFoundationCF
0x00007ffa1bfc7000 	/usr/lib/swift/libswiftDemangle.dylib
0x00007ffc193b1000 	/System/Library/PrivateFrameworks/ImageCaptureDevices.framework/Versions/A/ImageCaptureDevices
0x00007ff90edec000 	/System/Library/PrivateFrameworks/MediaStream.framework/Versions/A/MediaStream
0x00007ffa04899000 	/System/Library/PrivateFrameworks/NeutrinoCore.framework/Versions/A/NeutrinoCore
0x00007ff80b719000 	/System/Library/PrivateFrameworks/NLP.framework/Versions/A/NLP
0x00007ffa0a84f000 	/System/Library/PrivateFrameworks/PhotoImaging.framework/Versions/A/PhotoImaging
0x00007ffa0bada000 	/System/Library/PrivateFrameworks/PhotosImagingFoundation.framework/Versions/A/PhotosImagingFoundation
0x00007ffd0dbe0000 	/System/Library/PrivateFrameworks/PhotosIntelligenceCore.framework/Versions/A/PhotosIntelligenceCore
0x00007ff81f508000 	/System/Library/PrivateFrameworks/EmbeddedAcousticRecognition.framework/Versions/A/EmbeddedAcousticRecognition
0x00007ff918691000 	/System/Library/PrivateFrameworks/EmojiFoundation.framework/Versions/A/EmojiFoundation
0x00007ffa02636000 	/System/Library/PrivateFrameworks/SDAPI.framework/Versions/A/SDAPI
0x00007ffc1cb19000 	/System/Library/PrivateFrameworks/IsolatedContextLogging.framework/Versions/A/IsolatedContextLogging
0x00007ffa0bb28000 	/System/Library/PrivateFrameworks/AutoLoop.framework/Versions/A/AutoLoop
0x00007ffd0e716000 	/System/Library/PrivateFrameworks/Portrait.framework/Versions/A/Portrait
0x00007ffc0d625000 	/System/Library/PrivateFrameworks/FusionTracker.framework/Versions/A/FusionTracker
0x00007ff9114fd000 	/System/Library/PrivateFrameworks/iTunesCloud.framework/Versions/A/iTunesCloud
0x00007ff91a7ef000 	/System/Library/PrivateFrameworks/DAAPKit.framework/Versions/A/DAAPKit
0x00007ff90c6fd000 	/System/Library/PrivateFrameworks/DeviceManagement.framework/Versions/A/DeviceManagement
0x00007ffa11b2f000 	/System/Library/PrivateFrameworks/ScreenTimeUI.framework/Versions/A/ScreenTimeUI
0x00007ff90eb1b000 	/System/Library/PrivateFrameworks/QuickLookNonBaseSystem.framework/Versions/A/QuickLookNonBaseSystem
0x00007ff90f332000 	/System/Library/PrivateFrameworks/Catalyst.framework/Versions/A/Catalyst
0x00007ff910edd000 	/System/Library/PrivateFrameworks/ScreenTimeCore.framework/Versions/A/ScreenTimeCore
0x00007ffa0556e000 	/System/Library/PrivateFrameworks/ScreenTimeServiceUI.framework/Versions/A/ScreenTimeServiceUI
0x00007ff91d833000 	/System/Library/PrivateFrameworks/ConfigurationEngineModel.framework/Versions/A/ConfigurationEngineModel
0x00007ff9208ea000 	/System/Library/PrivateFrameworks/UsageTracking.framework/Versions/A/UsageTracking
0x00007ffb13fd2000 	/System/Library/Frameworks/DeviceActivity.framework/Versions/A/DeviceActivity
0x00007ff9208bc000 	/System/Library/PrivateFrameworks/KnowledgeMonitor.framework/Versions/A/KnowledgeMonitor
0x00007ffa193b4000 	/System/Library/PrivateFrameworks/BluetoothManager.framework/Versions/A/BluetoothManager
0x00007ffb153de000 	/System/Library/Frameworks/ManagedSettings.framework/Versions/A/ManagedSettings
0x00007ffd049d1000 	/System/Library/PrivateFrameworks/ManagedSettingsSupport.framework/Versions/A/ManagedSettingsSupport
0x00007ffa166cd000 	/System/Library/Frameworks/ReplayKit.framework/Versions/A/ReplayKit
0x00007ff903df7000 	/System/Library/PrivateFrameworks/MarkupUI.framework/Versions/A/MarkupUI
0x00007ff90eaf5000 	/System/Library/PrivateFrameworks/SidecarCore.framework/Versions/A/SidecarCore
0x00007ff91192c000 	/System/Library/PrivateFrameworks/AnnotationKit.framework/Versions/A/AnnotationKit
0x00007ff90fe8e000 	/System/Library/Frameworks/PencilKit.framework/Versions/A/PencilKit
0x00007ff910064000 	/System/Library/PrivateFrameworks/SidecarUI.framework/Versions/A/SidecarUI
0x00007ff90f71a000 	/System/Library/PrivateFrameworks/CoreHandwriting.framework/Versions/A/CoreHandwriting
0x00007ff805049000 	/usr/lib/libmecabra.dylib
0x00007ff908062000 	/System/Library/PrivateFrameworks/Calculate.framework/Versions/A/Calculate
0x00007ff815655000 	/usr/lib/libChineseTokenizer.dylib
0x00007ffb079fe000 	/System/Library/PrivateFrameworks/ScreenReaderCore.framework/Versions/A/ScreenReaderCore
0x00007ffd1b79d000 	/System/Library/PrivateFrameworks/StocksKit.framework/Versions/A/StocksKit
0x00007ff9070a2000 	/System/Library/PrivateFrameworks/OAuth.framework/Versions/A/OAuth
0x00007ffd1b4f3000 	/System/Library/PrivateFrameworks/StocksCore.framework/Versions/A/StocksCore
0x00007ffd1cb2e000 	/System/Library/PrivateFrameworks/TeaFoundation.framework/Versions/A/TeaFoundation
0x00007ffd1ccb0000 	/System/Library/PrivateFrameworks/TeaSettings.framework/Versions/A/TeaSettings
0x00007ffa1d54d000 	/System/Library/PrivateFrameworks/NewsCore.framework/Versions/A/NewsCore
0x00007ffd1cad9000 	/System/Library/PrivateFrameworks/TeaDB.framework/Versions/A/TeaDB
0x00007ffa1a56c000 	/System/Library/PrivateFrameworks/RemoteConfiguration.framework/Versions/A/RemoteConfiguration
0x00007ffa1d0dc000 	/System/Library/PrivateFrameworks/NewsTransport.framework/Versions/A/NewsTransport
0x00007ffa1d53e000 	/System/Library/PrivateFrameworks/NewsFoundation.framework/Versions/A/NewsFoundation
0x00007ffd09d58000 	/System/Library/PrivateFrameworks/NewsURLBucket.framework/Versions/A/NewsURLBucket
0x00007ff913608000 	/System/Library/PrivateFrameworks/MobileInstallation.framework/Versions/A/MobileInstallation
0x00007ffb1a923000 	/System/Library/Frameworks/Translation.framework/Versions/A/Translation
0x00007ffa0d408000 	/System/Library/PrivateFrameworks/RevealCore.framework/Versions/A/RevealCore
0x00007ffa0d3fd000 	/System/Library/PrivateFrameworks/Reveal.framework/Versions/A/Reveal
0x00007ffa05241000 	/System/Library/Frameworks/Speech.framework/Versions/A/Speech
0x00007ffb1ba76000 	/System/Library/PrivateFrameworks/AIMLExperimentationAnalytics.framework/Versions/A/AIMLExperimentationAnalytics
0x00007ffb1dc95000 	/System/Library/PrivateFrameworks/AlgorithmsInternal.framework/Versions/A/AlgorithmsInternal
0x00007ffd201e8000 	/System/Library/PrivateFrameworks/TranslationUIServices.framework/Versions/A/TranslationUIServices
0x00007ffd1f1c8000 	/System/Library/PrivateFrameworks/TipKitCore.framework/Versions/A/TipKitCore
0x00007ff918712000 	/System/Library/PrivateFrameworks/CoreCDPInternal.framework/Versions/A/CoreCDPInternal
0x00007ffc19a95000 	/System/Library/PrivateFrameworks/InputAnalytics.framework/Versions/A/InputAnalytics
0x00007ff91e842000 	/System/Library/Frameworks/InstantMessage.framework/Versions/A/InstantMessage
0x00007ff9166bc000 	/System/Library/PrivateFrameworks/IDSKVStore.framework/Versions/A/IDSKVStore
0x00007ff91637e000 	/System/Library/PrivateFrameworks/IMDPersistence.framework/Versions/A/IMDPersistence
0x00007ffe020e1000 	/System/Library/PrivateFrameworks/UserSafety.framework/Versions/A/UserSafety
0x00007ffa185c2000 	/System/Library/PrivateFrameworks/BlastDoor.framework/Versions/A/BlastDoor
0x00007ffc1da14000 	/System/Library/PrivateFrameworks/LinkPresentationStyleSheetParsing.framework/Versions/A/LinkPresentationStyleSheetParsing
0x00007ffd0e8d9000 	/System/Library/PrivateFrameworks/PosterFoundation.framework/Versions/A/PosterFoundation
0x00007ffd0e965000 	/System/Library/PrivateFrameworks/PosterModel.framework/Versions/A/PosterModel
0x00007ffd0e943000 	/System/Library/PrivateFrameworks/PosterFuturesKit.framework/Versions/A/PosterFuturesKit
0x00007ffc0cad3000 	/System/Library/PrivateFrameworks/FeedbackService.framework/Versions/A/FeedbackService
0x00007ff90f1b4000 	/System/Library/PrivateFrameworks/CoreSDB.framework/Versions/A/CoreSDB
0x00007ffb20b53000 	/System/Library/PrivateFrameworks/AskToCore.framework/Versions/A/AskToCore
0x00007ffa12310000 	/System/Library/PrivateFrameworks/MachineSettings.framework/Versions/A/MachineSettings
0x00007ffa03af9000 	/System/Library/PrivateFrameworks/BezelServices.framework/Versions/A/BezelServices
0x00007ff91a87f000 	/System/Library/PrivateFrameworks/SPOwner.framework/Versions/A/SPOwner
0x00007ff913298000 	/System/Library/PrivateFrameworks/FMCore.framework/Versions/A/FMCore
0x00007ffe08a25000 	/System/Library/PrivateFrameworks/iCloudQuota.framework/Versions/A/iCloudQuota
0x00007ff907a22000 	/System/Library/PrivateFrameworks/CoreRecognition.framework/Versions/A/CoreRecognition
0x00007ffa03bb5000 	/System/Library/PrivateFrameworks/InAppMessages.framework/Versions/A/InAppMessages
0x00007ffb0669c000 	/System/Library/PrivateFrameworks/JetUI.framework/Versions/A/JetUI
0x00007ffc1ce3c000 	/System/Library/PrivateFrameworks/JetPack.framework/Versions/A/JetPack
0x00007ffa03bad000 	/System/Library/PrivateFrameworks/InAppMessagesCore.framework/Versions/A/InAppMessagesCore
0x00007ffe07ef2000 	/System/Library/PrivateFrameworks/_JetEngine_SwiftUI.framework/Versions/A/_JetEngine_SwiftUI
0x00007ffd1c627000 	/System/Library/PrivateFrameworks/Synapse.framework/Versions/A/Synapse
0x00007ffc02b35000 	/System/Library/PrivateFrameworks/CSExattrCrypto.framework/Versions/A/CSExattrCrypto
0x00007ff914911000 	/System/Library/PrivateFrameworks/StoreFoundation.framework/Versions/A/StoreFoundation
0x00007ff913292000 	/System/Library/PrivateFrameworks/ServerInformation.framework/Versions/A/ServerInformation
0x00007ff912ca2000 	/System/Library/PrivateFrameworks/Install.framework/Frameworks/DistributionKit.framework/Versions/A/DistributionKit
0x00007ff90c127000 	/System/Library/PrivateFrameworks/PackageKit.framework/Versions/A/PackageKit
0x00007ff912cc3000 	/System/Library/PrivateFrameworks/OSPersonalization.framework/Versions/A/OSPersonalization
0x00007ff914e5b000 	/System/Library/PrivateFrameworks/BridgeOSSoftwareUpdate.framework/Versions/A/BridgeOSSoftwareUpdate
0x00007ff90f631000 	/System/Library/PrivateFrameworks/StorageManagement.framework/Versions/A/StorageManagement
0x00007ffa050c7000 	/usr/lib/libauthinstall.dylib
0x00007ff914e63000 	/System/Library/PrivateFrameworks/InstallerDiagnostics.framework/Versions/A/InstallerDiagnostics
0x00007ffa05756000 	/usr/lib/libcrypto.42.dylib
0x00007ffe0d593000 	/usr/lib/updaters/libAppleTconUARPUpdater.dylib
0x00007ff914e4b000 	/System/Library/PrivateFrameworks/GPUInfo.framework/Versions/A/GPUInfo
0x00007ffa03ca6000 	/System/Library/PrivateFrameworks/MobileActivationMacOS.framework/Versions/A/MobileActivationMacOS
0x00007ff906fe0000 	/System/Library/PrivateFrameworks/AccountsDaemon.framework/Versions/A/AccountsDaemon
0x00007ff914eab000 	/System/Library/PrivateFrameworks/AOSKit.framework/Versions/A/AOSKit
0x00007ff815881000 	/System/Library/PrivateFrameworks/AppSSOCore.framework/Versions/A/AppSSOCore
0x00007ffc01302000 	/System/Library/PrivateFrameworks/BackgroundSystemTasks.framework/Versions/A/BackgroundSystemTasks
0x00007ff8219da000 	/System/Library/PrivateFrameworks/DuetActivityScheduler.framework/Versions/A/DuetActivityScheduler
0x00007ffa022d9000 	/System/Library/PrivateFrameworks/NetworkServiceProxy.framework/Versions/A/NetworkServiceProxy
0x00007ff81ca3a000 	/usr/lib/libnetworkextension.dylib
0x00007ffd1c342000 	/System/Library/PrivateFrameworks/Symptoms.framework/Versions/A/Frameworks/SymptomAnalytics.framework/Versions/A/SymptomAnalytics
0x00007ff819437000 	/System/Library/Frameworks/NetworkExtension.framework/Versions/A/NetworkExtension
0x00007ff8201ab000 	/System/Library/PrivateFrameworks/CoreDuetContext.framework/Versions/A/CoreDuetContext
0x00007ff809bc5000 	/System/Library/PrivateFrameworks/CoreDuet.framework/Versions/A/CoreDuet
0x00007ff9026fd000 	/System/Library/PrivateFrameworks/AssistantServices.framework/Versions/A/AssistantServices
0x00007ff81f1c8000 	/System/Library/PrivateFrameworks/SAObjects.framework/Versions/A/SAObjects
0x00007ff9022c9000 	/System/Library/PrivateFrameworks/MediaRemote.framework/Versions/A/MediaRemote
0x00007ffd19002000 	/System/Library/PrivateFrameworks/SiriTTSService.framework/Versions/A/SiriTTSService
0x00007ffd13f2e000 	/System/Library/PrivateFrameworks/SiriCrossDeviceArbitration.framework/Versions/A/SiriCrossDeviceArbitration
0x00007ffc0c6aa000 	/System/Library/PrivateFrameworks/FaceTimeNameUtility.framework/Versions/A/FaceTimeNameUtility
0x00007ffd13f7d000 	/System/Library/PrivateFrameworks/SiriCrossDeviceArbitrationFeedback.framework/Versions/A/SiriCrossDeviceArbitrationFeedback
0x00007ffa045a9000 	/System/Library/PrivateFrameworks/UIKitServices.framework/Versions/A/UIKitServices
0x00007ff90783f000 	/System/Library/PrivateFrameworks/MediaServices.framework/Versions/A/MediaServices
0x00007ff815cd7000 	/System/Library/PrivateFrameworks/PersistentConnection.framework/Versions/A/PersistentConnection
0x00007ffd1a6b6000 	/System/Library/PrivateFrameworks/SonicFoundation.framework/Versions/A/SonicFoundation
0x00007ff917396000 	/usr/lib/libtailspin.dylib
0x00007ffa0bc3a000 	/System/Library/PrivateFrameworks/Osprey.framework/Versions/A/Osprey
0x00007ffd18620000 	/System/Library/PrivateFrameworks/SiriTTS.framework/Versions/A/SiriTTS
0x00007ffd173f2000 	/System/Library/PrivateFrameworks/SiriPowerInstrumentation.framework/Versions/A/SiriPowerInstrumentation
0x00007ffd1cad7000 	/System/Library/PrivateFrameworks/TailspinSymbolication.framework/Versions/A/TailspinSymbolication
0x00007ffc0ad1b000 	/System/Library/PrivateFrameworks/Darwinup.framework/Versions/A/Darwinup
0x00007ffa0438f000 	/System/Library/PrivateFrameworks/SignpostSupport.framework/Versions/A/SignpostSupport
0x00007ff90f13f000 	/System/Library/PrivateFrameworks/FeatureFlagsSupport.framework/Versions/A/FeatureFlagsSupport
0x00007ffa03a0f000 	/System/Library/PrivateFrameworks/ktrace.framework/Versions/A/ktrace
0x00007ffa045df000 	/System/Library/PrivateFrameworks/SampleAnalysis.framework/Versions/A/SampleAnalysis
0x00007ffa0d3c3000 	/System/Library/PrivateFrameworks/kperfdata.framework/Versions/A/kperfdata
0x00007ff81a5a5000 	/usr/lib/libdscsym.dylib
0x00007ffa0d957000 	/System/Library/PrivateFrameworks/BulkSymbolication.framework/Versions/A/BulkSymbolication
0x00007ff822bff000 	/System/Library/PrivateFrameworks/CoreDuetDaemonProtocol.framework/Versions/A/CoreDuetDaemonProtocol
0x00007ff914781000 	/System/Library/PrivateFrameworks/CaptiveNetwork.framework/Versions/A/CaptiveNetwork
0x00007ff820ffe000 	/System/Library/PrivateFrameworks/EAP8021X.framework/Versions/A/EAP8021X
0x00007ffc0aafd000 	/System/Library/PrivateFrameworks/CryptoKitPrivate.framework/Versions/A/CryptoKitPrivate
0x00007ff90e73c000 	/System/Library/PrivateFrameworks/FindMyDevice.framework/Versions/A/FindMyDevice
0x00007ff902e8b000 	/System/Library/PrivateFrameworks/FMCoreLite.framework/Versions/A/FMCoreLite
0x00007ff81311c000 	/System/Library/Frameworks/ServiceManagement.framework/Versions/A/ServiceManagement
0x00007ff9162ff000 	/System/Library/Frameworks/Accelerate.framework/Versions/A/Frameworks/vImage.framework/Versions/A/Libraries/libCGInterfaces.dylib
0x00007ffb09600000 	/System/Library/Extensions/AppleIntelKBLGraphicsMTLDriver.bundle/Contents/MacOS/AppleIntelKBLGraphicsMTLDriver
0x00007ffb121c2000 	/System/Library/Extensions/AMDRadeonX6000MTLDriver.bundle/Contents/MacOS/AMDRadeonX6000MTLDriver

JVMTI agents: none


VM Arguments:
jvm_args: --enable-native-access=ALL-UNNAMED -Dfile.encoding=UTF-8 -Duser.country=FR -Duser.language=en -Duser.variant 
java_command: org.graphiks.kadre.samples.simulation.MainKt
java_class_path (initial): /Users/chaos/IdeaProjects/simulation-demo-impl/samples/simulation-demo/build/classes/kotlin/jvm/main:/Users/chaos/IdeaProjects/simulation-demo-impl/samples/simulation-demo/build/classes/java/jvmMain:/Users/chaos/IdeaProjects/simulation-demo-impl/samples/simulation-demo/build/processedResources/jvm/main:/Users/chaos/IdeaProjects/simulation-demo-impl/kadre/build/libs/kadre-jvm-1.0.0.jar:/Users/chaos/IdeaProjects/simulation-demo-impl/kadre-win32/build/libs/kadre-win32-jvm-1.0.0.jar:/Users/chaos/IdeaProjects/simulation-demo-impl/kadre-x11/build/libs/kadre-x11-jvm-1.0.0.jar:/Users/chaos/IdeaProjects/simulation-demo-impl/kadre-wayland/build/libs/kadre-wayland-jvm-1.0.0.jar:/Users/chaos/IdeaProjects/simulation-demo-impl/kadre-appkit/build/libs/kadre-appkit-jvm-1.0.0.jar:/Users/chaos/IdeaProjects/simulation-demo-impl/kadre-core/build/libs/kadre-core-jvm-1.0.0.jar:/Users/chaos/.gradle/caches/modules-2/files-2.1/org.jetbrains.compose.desktop/desktop-jvm/1.11.0/1fee826ff9d1fafd500b57a22facfc0236bc14c7/desktop-jvm-1.11.0.jar:/Users/chaos/.gradle/caches/modules-2/files-2.1/org.jetbrains.compose.material/material-desktop/1.11.0/2891a6f3a62dc4c367636a521d1b680a7d6ff6d/material-desktop-1.11.0.jar:/Users/chaos/.gradle/caches/modules-2/files-2.1/org.jetbrains.compose.material3/material3-desktop/1.9.0/19004c4eb3dc6618eb66a076bbe3d7e1a2e7b85/material3-desktop-1.9.0.jar:/Users/chaos/.gradle/caches/modules-2/files-2.1/org.jetbrains.compose.animation/animation-core-desktop/1.11.0/1bf633ecd1a38a1cf7a41630bc56cba0da9cc25b/animation-core-desktop-1.11.0.jar:/Users/chaos/.gradle/caches/modules-2/files-2.1/org.jetbrains.compose.material/material-ripple-desktop/1.11.0/ae97a5eeb23bc3f461bc3e16e2a9882175405d17/material-ripple-desktop-1.11.0.jar:/Users/chaos/.gradle/caches/modules-2/files-2.1/org.jetbrains.compose.animation/animation-desktop/1.11.0/f873fb28f1a08d45a4dd20a0130b3da8cadf383c/animation-desktop-1.11.0.jar:/Users/chaos/.gradle/caches/modules-2/files-2.1/org.jetbrains.compose.foundation/foundation-layout-desktop/1.11.0/853fc5d01388da6515ce40b719798914012f6469/foundation-layout-desktop-1.11.0.jar:/Users/chaos/.gradle/caches/modules-2/files-2.1/org.jetbrains.compose.foundation/foundation-desktop/1.11.0/6df316e7af2c0c97f200de289925f62ca8fce53d/foundation-desktop-1.11.0.jar:/Users/chaos/.gradle/caches/modules-2/files-2.1/org.jetbrains.compose.ui/ui-tooling-preview-desktop/1.11.0/97ec578d33adc34adcaa63e9af7bb2328c6c29b7/ui-tooling-preview-desktop-1.11.0.jar:/Users/chaos/.gradle/caches/modules-2/files-2.1/org.jetbrains.compose.ui/ui-util-desktop/1.11.0/4302c582878b82ab24e1f34e6e90f967f7b416ed/ui-util-desktop-1.11.0.jar:/Users/chaos/.gradle/caches/modules-2/files-2.1/org.jetbrains.compose.ui/ui-unit-desktop/1.11.0/f6c06f98da206d01dc40c1587c6bc4c40cbef623/ui-unit-desktop-1.11.0.jar:/Users/chaos/.gradle/caches/modules-2/files-2.1/org.jetbrains.compose.ui/ui-text-desktop/1.11.0/6ded685e2601260d6231c859a849b96ee6c60368/ui-text-desktop-1.11.0.jar:/Users/chaos/.gradle/caches/modules-2/files-2.1/org.jetbrains.compose.ui/ui-graphics-desktop/1.11.0/6ea106d02adf29694eedf12fdfb621947d3621bf/ui-graphics-desktop-1.11.0.jar:/Users/chaos/.gradle/caches/modules-2/files-2.1/org.jetbrains.compose.ui/ui-geometry-desktop/1.11.0/5e430152487375359973ac9874653d335dcc220/ui-geometry-desktop-1.11.0.jar:/Users/chaos/.gradle/caches/modules-2/files-2.1/org.jetbrains.compose.ui/ui-backhandler-desktop/1.11.0/bd3540bb1d6abd60c5e58f32663b2f3e89406cd1/ui-backhandler-desktop-1.11.0.jar:/Users/chaos/.gradle/caches/modules-2/files-2.1/org.jetbrains.compose.ui/ui-desktop/1.11.0/25db30fe824f0e7455ccf7a9455a69ce6f609e6c/ui-desktop-1.11.0.jar:/Users/chaos/.gradle/caches/modules-2/files-2.1/androidx.navigationevent/navigationevent-desktop/1.0.1/ddb1e7fe97ed51c3d35bba493f97fcf12398719/navigationevent-desktop-1.0.1.jar:/Users/chaos/.gradle/caches/modules-2/files-2.1/org.jetbrains.compose.runtime/runtime-saveable-desktop/1.11.0/b7c8a8ed985a0f15b4d8d206de1fc6125b499388/runtime-saveable-desktop-1.11.0.jar:/Users/chaos/.gradle/caches/modules-2/files-2.1/androidx.compose.runtime/runtime-saveable-desktop/1.11.1/1618fae89791692a224fe7aa79edbd7a8f5b7522/runtime-saveable-desktop-1.11.1.jar:/Users/chaos/.gradle/caches/modules-2/files-2.1/androidx.compose.runtime/runtime-annotation-jvm/1.11.1/db4aa964627ac96331b72e231b9ad54318d112f4/runtime-annotation-jvm-1.11.1.jar:/Users/chaos/.gradle/caches/modules-2/files-2.1/androidx.compose.runtime/runtime-retain-desktop/1.11.1/3aa3ec26ef2a3d26bc556b51b33d09efc1a198e8/runtime-retain-desktop-1.11.1.jar:/Users/chaos/.gradle/caches/modules-2/files-2.1/org.jetbrains.androidx.savedstate/savedstate-compose-desktop/1.3.6/63692375ffe667f12cb3ea8aa1e605d659ed2add/savedstate-compose-desktop-1.3.6.jar:/Users/chaos/.gradle/caches/modules-2/files-2.1/org.jetbrains.androidx.lifecycle/lifecycle-runtime-compose-desktop/2.9.6/7b6b6793f3c4c5996b20d1d99cf728e5fac00364/lifecycle-runtime-compose-desktop-2.9.6.jar:/Users/chaos/.gradle/caches/modules-2/files-2.1/androidx.lifecycle/lifecycle-runtime-desktop/2.9.4/1cc820319ec0139e76b8a2fe4be0b356b4e624c4/lifecycle-runtime-desktop-2.9.4.jar:/Users/chaos/.gradle/caches/modules-2/files-2.1/androidx.lifecycle/lifecycle-common-jvm/2.9.4/ab739bccdb3541983385af169565c7c035d897e7/lifecycle-common-jvm-2.9.4.jar:/Users/chaos/.gradle/caches/modules-2/files-2.1/androidx.lifecycle/lifecycle-runtime-compose-desktop/2.9.4/86a4ffec845d4e488078118a0b5095bd1fabcafe/lifecycle-runtime-compose-desktop-2.9.4.jar:/Users/chaos/.gradle/caches/modules-2/files-2.1/androidx.lifecycle/lifecycle-viewmodel-desktop/2.9.4/93fee6d78f0df0e38f36e0fa2eff74f8da6d5481/lifecycle-viewmodel-desktop-2.9.4.jar:/Users/chaos/.gradle/caches/modules-2/files-2.1/androidx.lifecycle/lifecycle-viewmodel-savedstate-desktop/2.9.4/72a1919b08c5a4da224d8a65ce1589aa69934e8a/lifecycle-viewmodel-savedstate-desktop-2.9.4.jar:/Users/chaos/.gradle/caches/modules-2/files-2.1/androidx.savedstate/savedstate-desktop/1.4.0/3b049a0f81643d6b4b900de95bc23efc085c32d5/savedstate-desktop-1.4.0.jar:/Users/chaos/.gradle/caches/modules-2/files-2.1/androidx.savedstate/savedstate-compose-desktop/1.4.0/d3d6e0e2108528eb6080dc250da925a572be4202/savedstate-compose-desktop-1.4.0.jar:/Users/chaos/.gradle/caches/modules-2/files-2.1/androidx.compose.runtime/runtime-desktop/1.11.1/d778cba765eaed705d37ddd06542a01369fcbb16/runtime-desktop-1.11.1.jar:/Users/chaos/.gradle/caches/modules-2/files-2.1/org.jetbrains.compose.runtime/runtime-desktop/1.11.0/1941336b045aac4b87cc3be81d9fdb9977c88c61/runtime-desktop-1.11.0.jar:/Users/chaos/.gradle/caches/modules-2/files-2.1/org.jetbrains.skiko/skiko-awt-runtime-macos-x64/0.144.6/4482a95d98dddef4180ef9712a1d783c8c34ddde/skiko-awt-runtime-macos-x64-0.144.6.jar:/Users/chaos/.gradle/caches/modules-2/files-2.1/org.jetbrains.skiko/skiko-awt/0.144.6/c9bec39e3c517ed5591c71c7db0cbbe64b6be849/skiko-awt-0.144.6.jar:/Users/chaos/.gradle/caches/modules-2/files-2.1/androidx.collection/collection-jvm/1.5.0/7ba2c69414d46ebc2dd76598bdd0a75c54281a57/collection-jvm-1.5.0.jar:/Users/chaos/.gradle/caches/modules-2/files-2.1/androidx.arch.core/core-common/2.2.0/5e1b8b81dfd5f52c56a8d53b18ca759c19a301f3/core-common-2.2.0.jar:/Users/chaos/.gradle/caches/modules-2/files-2.1/androidx.annotation/annotation-jvm/1.9.1/b17951747e38bf3986a24431b9ba0d039958aa5f/annotation-jvm-1.9.1.jar:/Users/chaos/.gradle/caches/modules-2/files-2.1/org.jetbrains.kotlinx/atomicfu-jvm/0.28.0/6a9ac536f4b2144e57c176fd4e26821eb12084f4/atomicfu-jvm-0.28.0.jar:/Users/chaos/.gradle/caches/modules-2/files-2.1/org.jetbrains.kotlinx/kotlinx-coroutines-core-jvm/1.9.0/9beade4c1c1569e4f36cbd2c37e02e3e41502601/kotlinx-coroutines-core-jvm-1.9.0.jar:/Users/chaos/.gradle/caches/modules-2/files-2.1/org.jetbrains.kotlinx/kotlinx-datetime-jvm/0.7.1/81c2e0246bd28cc2dcbdf0ab53628322e66a9de9/kotlinx-datetime-jvm-0.7.1.jar:/Users/chaos/.gradle/caches/modules-2/files-2.1/org.jetbrains.kotlinx/kotlinx-serialization-core-jvm/1.7.3/1f226780b845ff9206474c05159245d861556249/kotlinx-serialization-core-jvm-1.7.3.jar:/Users/chaos/.gradle/caches/modules-2/files-2.1/org.jetbrains.kotlin/kotlin-stdlib/2.4.0/4e9f4b531dce5c7dee58ed2de9a8b9a763c8dc6c/kotlin-stdlib-2.4.0.jar:/Users/chaos/.gradle/caches/modules-2/files-2.1/org.jetbrains/annotations/23.0.0/8cc20c07506ec18e0834947b84a864bfc094484e/annotations-23.0.0.jar:/Users/chaos/.gradle/caches/modules-2/files-2.1/org.jetbrains.runtime/jbr-api/1.9.0/2bc161f5472b5fd5610740e4d6ebe896c811cb0e/jbr-api-1.9.0.jar:/Users/chaos/.gradle/caches/modules-2/files-2.1/org.jspecify/jspecify/1.0.0/7425a601c1c7ec76645a78d22b8c6a627edee507/jspecify-1.0.0.jar
Launcher Type: SUN_STANDARD

[Global flags]
     intx CICompilerCount                          = 12                                        {product} {ergonomic}
     uint ConcGCThreads                            = 3                                         {product} {ergonomic}
     uint G1ConcRefinementThreads                  = 13                                        {product} {ergonomic}
   size_t G1HeapRegionSize                         = 2097152                                   {product} {ergonomic}
   size_t InitialHeapSize                          = 268435456                                 {product} {ergonomic}
   size_t MarkStackSize                            = 4194304                                   {product} {ergonomic}
   size_t MarkStackSizeMax                         = 536870912                                 {product} {ergonomic}
   size_t MaxHeapSize                              = 4294967296                                {product} {ergonomic}
   size_t MaxNewSize                               = 2575302656                                {product} {ergonomic}
   size_t MinHeapDeltaBytes                        = 2097152                                   {product} {ergonomic}
   size_t MinHeapSize                              = 8388608                                   {product} {ergonomic}
    uintx NonNMethodCodeHeapSize                   = 7606272                                {pd product} {ergonomic}
    uintx NonProfiledCodeHeapSize                  = 122028032                              {pd product} {ergonomic}
    uintx ProfiledCodeHeapSize                     = 122028032                              {pd product} {ergonomic}
    uintx ReservedCodeCacheSize                    = 251662336                              {pd product} {ergonomic}
     bool SegmentedCodeCache                       = true                                      {product} {ergonomic}
   size_t SoftMaxHeapSize                          = 4294967296                             {manageable} {ergonomic}
     bool UseCompressedOops                        = true                           {product lp64_product} {ergonomic}
     bool UseG1GC                                  = true                                      {product} {ergonomic}
     bool UseNUMA                                  = false                                     {product} {ergonomic}
     bool UseNUMAInterleaving                      = false                                     {product} {ergonomic}

Logging:
Log output configuration:
 #0: stdout all=warning uptime,level,tags foldmultilines=false
 #1: stderr all=off uptime,level,tags foldmultilines=false

Release file:
IMPLEMENTOR="Eclipse Adoptium"
IMPLEMENTOR_VERSION="Temurin-25.0.3+9"
JAVA_RUNTIME_VERSION="25.0.3+9-LTS"
JAVA_VERSION="25.0.3"
JAVA_VERSION_DATE="2026-04-21"
LIBC="default"
MODULES="java.base java.compiler java.datatransfer java.xml java.prefs java.desktop java.instrument java.logging java.management java.security.sasl java.naming java.rmi java.management.rmi java.net.http java.scripting java.security.jgss java.transaction.xa java.sql java.sql.rowset java.xml.crypto java.se java.smartcardio jdk.accessibility jdk.internal.jvmstat jdk.attach jdk.charsets jdk.internal.opt jdk.zipfs jdk.compiler jdk.crypto.cryptoki jdk.crypto.ec jdk.dynalink jdk.internal.ed jdk.editpad jdk.internal.vm.ci jdk.graal.compiler jdk.graal.compiler.management jdk.hotspot.agent jdk.httpserver jdk.incubator.vector jdk.internal.le jdk.internal.md jdk.jartool jdk.javadoc jdk.jcmd jdk.management jdk.management.agent jdk.jconsole jdk.jdeps jdk.jdwp.agent jdk.jdi jdk.jfr jdk.jlink jdk.jpackage jdk.jshell jdk.jsobject jdk.jstatd jdk.localedata jdk.management.jfr jdk.naming.dns jdk.naming.rmi jdk.net jdk.nio.mapmode jdk.sctp jdk.security.auth jdk.security.jgss jdk.unsupported jdk.unsupported.desktop jdk.xml.dom"
OS_ARCH="x86_64"
OS_NAME="Darwin"
SOURCE=".:git:cda0a1776184"
BUILD_SOURCE="git:a612825ee82a20ac872d60958c349854c1f29a8e"
BUILD_SOURCE_REPO="https://github.com/adoptium/temurin-build.git"
SOURCE_REPO="https://github.com/adoptium/jdk25u.git"
FULL_VERSION="25.0.3+9-LTS"
SEMANTIC_VERSION="25.0.3+9"
BUILD_INFO="OS: macOS Version: 14.1 23B74"
JVM_VARIANT="Hotspot"
JVM_VERSION="25.0.3+9-LTS"
IMAGE_TYPE="JDK"

Environment Variables:
PATH=/usr/local/bin:/System/Cryptexes/App/usr/bin:/usr/bin:/bin:/usr/sbin:/sbin:/var/run/com.apple.security.cryptexd/codex.system/bootstrap/usr/local/bin:/var/run/com.apple.security.cryptexd/codex.system/bootstrap/usr/bin:/var/run/com.apple.security.cryptexd/codex.system/bootstrap/usr/appleinternal/bin:/opt/pkg/env/active/bin:/opt/pmk/env/global/bin:/Library/Apple/usr/bin:/Users/chaos/.cargo/bin:/Users/chaos/Library/Application Support/JetBrains/Toolbox/scripts
SHELL=/bin/zsh
LANG=C.UTF-8
LC_CTYPE=UTF-8
TERM=xterm-256color
TMPDIR=/var/folders/_0/060bksdx5kb0mn4bb529k2980000gn/T/

Active Locale:
LC_ALL=C.UTF-8/UTF-8/C.UTF-8/C.UTF-8/C.UTF-8/C.UTF-8
LC_COLLATE=C.UTF-8
LC_CTYPE=UTF-8
LC_MESSAGES=C.UTF-8
LC_MONETARY=C.UTF-8
LC_NUMERIC=C.UTF-8
LC_TIME=C.UTF-8

Signal Handlers:
   SIGSEGV: crash_handler in libjvm.dylib, mask=11100110000111110111111111111111, flags=SA_ONSTACK|SA_RESTART|SA_SIGINFO, unblocked
    SIGBUS: crash_handler in libjvm.dylib, mask=11100110000111110111111111111111, flags=SA_RESTART|SA_SIGINFO, unblocked
    SIGFPE: crash_handler in libjvm.dylib, mask=11100110000111110111111111111111, flags=SA_RESTART|SA_SIGINFO, unblocked
   SIGPIPE: javaSignalHandler in libjvm.dylib, mask=11100110000111110111111111111111, flags=SA_RESTART|SA_SIGINFO, blocked
   SIGXFSZ: javaSignalHandler in libjvm.dylib, mask=11100110000111110111111111111111, flags=SA_RESTART|SA_SIGINFO, blocked
    SIGILL: crash_handler in libjvm.dylib, mask=11100110000111110111111111111111, flags=SA_RESTART|SA_SIGINFO, unblocked
   SIGUSR2: SR_handler in libjvm.dylib, mask=00000000000000000000000000000000, flags=SA_RESTART|SA_SIGINFO, blocked
    SIGHUP: UserHandler in libjvm.dylib, mask=11100110000111110111111111111111, flags=SA_RESTART|SA_SIGINFO, blocked
    SIGINT: UserHandler in libjvm.dylib, mask=11100110000111110111111111111111, flags=SA_RESTART|SA_SIGINFO, blocked
   SIGTERM: UserHandler in libjvm.dylib, mask=11100110000111110111111111111111, flags=SA_RESTART|SA_SIGINFO, blocked
   SIGQUIT: UserHandler in libjvm.dylib, mask=11100110000111110111111111111111, flags=SA_RESTART|SA_SIGINFO, blocked
   SIGTRAP: crash_handler in libjvm.dylib, mask=11100110000111110111111111111111, flags=SA_RESTART|SA_SIGINFO, unblocked


Compilation memory statistics disabled.

Periodic native trim disabled

---------------  S Y S T E M  ---------------

OS:
uname: Darwin 25.4.0 Darwin Kernel Version 25.4.0: Thu Mar 19 19:27:54 PDT 2026; root:xnu-12377.101.15~1/RELEASE_X86_64 x86_64
OS uptime: 1 days 0:27 hours
rlimit (soft/hard): STACK 8192k/65532k , CORE 0k/infinity , NPROC 2784/4176 , NOFILE 1048576/infinity , AS infinity/infinity , CPU infinity/infinity , DATA infinity/infinity , FSIZE infinity/infinity , MEMLOCK infinity/infinity , RSS infinity/infinity
load average: 8.66 8.34 7.55

CPU: total 16 (initial active 16) (8 cores per cpu, 2 threads per core) family 6 model 158 stepping 13 microcode 0x104, cx8, cmov, fxsr, ht, mmx, 3dnowpref, sse, sse2, sse3, ssse3, sse4.1, sse4.2, popcnt, lzcnt, tsc, tscinvbit, avx, avx2, aes, erms, clmul, bmi1, bmi2, adx, fma, vzeroupper, clflush, clflushopt, rdtscp, f16c
machdep.cpu.brand_string:Intel(R) Core(TM) i9-9880H CPU @ 2.30GHz
hw.cpufrequency:2300000000
hw.cpufrequency_min:2300000000
hw.cpufrequency_max:2300000000
hw.cachelinesize:64
hw.l1icachesize:32768
hw.l1dcachesize:32768
hw.l2cachesize:262144
hw.l3cachesize:16777216

Memory: 4k page, physical 16777216k(4796320k free), swap 5242880k(1280000k free)

vm_info: OpenJDK 64-Bit Server VM (25.0.3+9-LTS) for bsd-amd64 JRE (25.0.3+9-LTS), built on 2026-04-21T00:00:00Z with clang Apple LLVM 15.0.0 (clang-1500.1.0.2.5)

END.
